ชื่อเพลง,ชื่อนักร้อง,ชื่อวง,นาที 00:00,ลิ้ง url,ประเภทเพลง,ธีมงาน,ภาษา
Perfect,Ed Sheeran,-,4:39,https://www.youtube.com/embed/2Vv-BfVoq4g?si=HbMRLuKFWS63eyrK,"Pop, Romantic",Wedding,English
A Thousand Years,Christina Perri,-,4:45,https://www.youtube.com/embed/rtOvBOTyX00?si=Lvd4yrDrbKuf2DnA,Pop,Wedding,English
คู๋ชีวิต,-,Cocktail,5:47,https://www.youtube.com/embed/3mYVyVY-lU4?si=eevOTgG_vtvdFVES,Romantic ,Wedding,Thai
ดาวหางฮัลเลย์,-,fellow fellow,4:19,https://www.youtube.com/embed/WtcKJtwMD2E?si=00fVYPUbfth_ZmN7,Pop,Wedding,Thai
เธอคือกาแฟในตอนเช้า,-,No One Else,4:36,https://www.youtube.com/embed/m6qgxvYcjGU?si=CNXNN2hKpV77N8Hx,Pop,Wedding,Thai
ของขวัญ,-,Musketeers,5:22,https://www.youtube.com/embed/MG8np3qtgJY?si=8EtpV-YxVc8fbU-Q,Romantic ,Wedding,Thai
แค่คุณ,-,Musketeers,5:01,https://www.youtube.com/embed/16-wFAbvQiU?si=IIegJDuoOcF-K_zX,Romantic ,Wedding,Thai
รักแท้,NuNew,-,3:35,https://www.youtube.com/embed/7UAtDPvraos?si=kehAWk1gprL2NcVZ,Pop,Wedding,Thai
ข้างกัน,-,Three man down Feat.ออม TELEx TELEXs,5:12,https://www.youtube.com/embed/ks7p6DA0dKk?si=RxAbHepG2WcL0jUk,Pop,Wedding,Thai
ตั้งแต่มีเธอชั้นมีความสุข,Violette Wautier ,-,4:15,https://www.youtube.com/embed/fgj8x925w0o?si=UadatP5rTW9T-xPr,Pop,Wedding,Thai
ธรรมดาแสนพิเศษ,-,ANATOMY RABBIT,4:03,https://www.youtube.com/embed/h2VIUdst5y4?si=2IKZ5H_HOei9AixM,Pop,Wedding,Thai
Untill I Found You,Stephen Sanchez,-,2:25,https://www.youtube.com/embed/GxldQ9eX2wo?si=GQ-05uEEckbtlO2b,Pop,Wedding,English
เหตุผลของการมีชีวิตอยู่ คือการได้พบเธอ,-,No One Else,4:03,https://www.youtube.com/embed/KjrkRDQ26u4?si=GavL17taQDvpBbzl,Pop,Wedding,Thai
At My Worst,Pink Sweat$,-,2:49,https://www.youtube.com/embed/VXzAJd8UJl8?si=MRGmjGKeBCJjYzCp,"Pop, R&B ",Wedding,English
Dandelions,Ruth B.,-,3:55,https://www.youtube.com/embed/W8a4sUabCUo?si=1WdzkFgef7mjktAI,Romantic ,Wedding,English
I like Me Better,Lauv,-,3:17,https://www.youtube.com/embed/a7fzkqLozwA?si=JJu5Pu31tlBaaczZ,Romantic ,Wedding,English
Enchanted,Taylor Swift,-,5:52,https://www.youtube.com/embed/vv3um0BlygY?si=A18FgiaGAPWOifW3,Romantic ,Wedding,English
เพลงรัก,-,Three man down,4:35,https://www.youtube.com/embed/OYPiXBIgvJ8?si=YZ9BOPQ9Xbw2Bf3A,Pop,Wedding,Thai
Unchained Melody,Righteous Brothers,-,3:34,https://www.youtube.com/embed/IYj2hex99gY?si=Ms89PL0sYp0eZhiH,"Pop,  Rock",Wedding,English
All of Me,John Legend,-,4:30,https://www.youtube.com/embed/JXt4MrXL14A?si=O_SWorXMygpL8Pjb,R&B,Wedding,English
At Last,Etta James,-,2:59,https://www.youtube.com/embed/1qJU8G7gR_g?si=GRMnqKWVnC_9IC1P,Jazz,Wedding,English
Can't Help Falling In Love ,Elvis Presley,-,3:00,https://www.youtube.com/embed/vGJTaP6anOU?si=3zP9QOngpmKRpbqv,Pop,Wedding,English
I Will Always Love You,Whitney Houston,-,4:34,https://www.youtube.com/embed/3JWTaaS7LdU?si=SlZWnx9KGF0Zn71u,"Pop , R&B",Wedding,English
Marry You,Bruno Mars,-,3:47,https://www.youtube.com/embed/dElRVQFqj-k?si=PcJ_mXK4PqBoI16f,Pop,Wedding,English
Your Song,Elton Jojn,-,3:48,https://www.youtube.com/embed/GlPlfCy1urI?si=NwgSSzq9SzKr0wbo,"Pop, Romantic",Wedding,English
Thinking Out Loud,Ed Sheeran,-,4:56,https://www.youtube.com/embed/lp-EO5I60KA?si=Yczxf-RzIkSXW-yV,"Pop, Romantic",Wedding,English
Stand By Me,Ben E. King,-,2:57,https://www.youtube.com/embed/hwZNL7QVJjE?si=uO7mjEWLdVPRafme,"Retro, R&B",Wedding,English
L-O-V-E,Nat King Cole,-,2:35,https://www.youtube.com/embed/gZYtes1RO_w?si=m6DeZqlSWNbHMfPh,"Jazz, Retro",Wedding,English
What a Wonderful World,Louis Armstrong,-,2:18,https://www.youtube.com/embed/rBrd_3VMC3c?si=EEFqCy0vNErnLAad,"Jazz, Retro",Wedding,English
ลั่นทม,-,Cocktail,4:58,https://www.youtube.com/embed/Mra0MJnMHh0?si=hmH21ed_RaVgE5ls,"Rock, Alternative",Wedding,Thai
ต่อจากนี้เพลงรักทุกเพลงจะเป็นของเธอเท่านั้น,-,No One Else,4:41,https://www.youtube.com/embed/jbOTVZAm21M?si=Djggf_n63O4Yca2X,"Indie, Pop",Wedding,Thai
จากนี้ไปจนนิรันดร์,เอ๊ะ จิรากร,-,4:06,https://www.youtube.com/embed/goqxPiIipJs?si=AhgkvJ8Y_qRDkmsK,"Pop, Romantic",Wedding,Thai
อีกสักกี่ครั้ง,สแตมป์ อภิวัชร์,-,3:53,https://www.youtube.com/embed/aufuB5L-u2A?si=UZHuTWIOzCSCCDBT,"Indie, Pop",Wedding,Thai
เมื่อสองเราได้พบกัน,แก้ม วิชญาณี,-,3:25,https://www.youtube.com/embed/pPepugiXXpg?si=SMeCQVOKDZJZYm8r,"Pop, Romantic",Wedding,Thai
เวลา,ป๊อบ ปองกูล,-,4:30,https://www.youtube.com/embed/sXhTk7Pl9o0?si=uS8JfXu-j3rlU4S5,"Pop, Romantic",Wedding,Thai
ขอบคุณ,แว่นใหญ่,-,5:01,https://www.youtube.com/embed/NFXPALvjcL8?si=OtQkzvb4OXcA8FgD,"Indie, Pop",Wedding,Thai
ไม่เปลี่ยนเลย,-,fellow fellow,3:26,https://www.youtube.com/embed/tPKwYos14Pk?si=Damu78igLu8g6Dm0,"Indie, Pop",Wedding,Thai
แค่เธอ,Jeff Satur,-,3:48,https://www.youtube.com/embed/aVKJrJbHUV0?si=eQL6gjveMwJA1RWN,"Pop, R&B",Wedding,Thai
Sunday Morning,Maroon 5,-,4:24,https://www.youtube.com/embed/S2Cti12XBw4?si=vxyCfNXfyMqEbL1L,"Pop, R&B",Wedding,English
Someone Like You,Austin Mahone,-,5:06,https://www.youtube.com/embed/oRongTNdrLc?si=rH0qpXOIIvFu5mmz,"Pop, Romantic",Wedding,English
Beautiful In White,Shane Filan,-,3:55,https://www.youtube.com/embed/06-XXOTP3Gc?si=K-G6YYZAdw3FvSqM,"Pop, Romantic",Wedding,English
Fly Me To The Moon,Joseph Vincent,-,1.59,https://www.youtube.com/embed/GYrl0wQjGH0?si=fU3kfpsZVV8OS4zZ,"Jazz, Retro",Wedding,English
How Long Will I Love You,Elllie Goulding,-,2:37,https://www.youtube.com/embed/an4ySOlsUMY?si=Gn4IpbQDTRiAOrNw,"Pop, Romantic",Wedding,English
Here's YOur Perfect,Jamie Miller,-,2:49,https://www.youtube.com/embed/cRi-x2r88no?si=dlApmORGpsoRVKGK,"Pop, R&B",Wedding,English
"24/7 , 365",elijah woods,-,2:48,https://www.youtube.com/embed/-h_yBTriuaY?si=HT8xW36pOM6VcMZZ,"Indie, Pop",Wedding,English
รัักนานๆ,โดมจารุวัฒน์ Feat พัด Vorapat,-,3:35,https://www.youtube.com/embed/EiafYKXJdWA?si=pRyOdSlzWOjSFX4N,Retro,Wedding,English
I Love You 3000,Stephanie Poetri,-,3:29,https://www.youtube.com/embed/cPkE0IbDVs4?si=mP7F1tRehj8EqHs2,"Indie, Pop",Wedding,English
Lost Jigsaw,guncharlie,-,3:39,https://www.youtube.com/embed/D-a867A59dM?si=zMOgj3OB5znIU0XK,"Indie, Alternative",Wedding,Thai
เพลงรักเพลงแรก,-,LANDOKMAI,4:21,https://www.youtube.com/embed/N9bashij_7c?si=4--gTRZkeqmoGZMj,"Indie, Pop",Wedding,Thai
Proud,-,fellow fellow,3:50,https://www.youtube.com/embed/9uZF7BlUQPE?si=PgIFO9Rsj0j4Kp8U,"Indie, Pop",Wedding,Thai
What a wonderful world,Lady K & The Gents,-,4:32,https://www.youtube.com/embed/B-rEuFC6Ozs?si=UsHQ1rEcxRMPSpxJ,Classical,Night party,English
Clair de Lune,Claude Debussy,-,5:13,https://www.youtube.com/embed/WNcsUNKlAKw?si=Ijk5tAD7iMTeFKIc,Classical,Night party,English
Canon in D,Johann Pachelbel,-,6:16,https://www.youtube.com/embed/NlprozGcs80?si=sQtoPSyt1vQBZF0X,Classical,Night party,English
The Four Seasons - Spring,Antonio Vivaldi,-,3:16,https://www.youtube.com/embed/e3nSvIiBNFo?si=ewWPCHeqJkLionSJ,Classical,Night party,English
Air on the G String,Johann Sebastian Bach,-,5:23,https://www.youtube.com/embed/GMkmQlfOJDk?si=xAN94WgaVkEQXv43,Classical,Night party,English
Pavane,Gabriel Fauré,-,7:04,https://www.youtube.com/embed/mpgyTl8yqbw?si=1EDzZiJ9j1o70Y-S,Classical,Night party,English
All Blues,Miles Davis,-,11:33,https://www.youtube.com/embed/-488UORrfJ0?si=yMxg6QgIVN_cnSNP,Classical,Night party,English
Liebestraum No. 3,Franz Liszt,-,4:49,https://www.youtube.com/embed/MBOa-2b4uQQ?si=MelIFuznxz2JPmFC,Classical,Night party,English
Moonlight Sonata,Ludwig van Beethoven,-,17:25,https://www.youtube.com/embed/4591dCHe_sE?si=OPDDcetCcXnTDe6w,Classical,Night party,English
Nocturne in E-flat major,Frédéric Chopin,-,4:29,https://www.youtube.com/embed/9E6b3swbnWg?si=boqYU2KLDsIGr0W9,Classical,Night party,English
The Swan,Camille Saint-Saëns,-,3:27,https://www.youtube.com/embed/b44-5M4e9nI?si=LrENxSIqwrtxcByj,Classical,Night party,English
Take Five,Dave Brubeck,-,5:25,https://www.youtube.com/embed/-DHuW1h1wHw?si=hnutj1j6QAribOoC,Jazz,Night party,English
Feeling Good,Nina Simone,-,3:02,https://www.youtube.com/embed/oHRNrgDIJfo?si=p-ZqodkOShkwFz8P,Jazz,Night party,English
Summertime,Ella Fitzgerald & Louis Armstrong,-,4:56,https://www.youtube.com/embed/2HJCN3upMHE?si=Xy1lvJrcmniFo_Ex,Jazz,Night party,English
Fly Me to the Moon,Frank Sinatra,-,2:27,https://www.youtube.com/embed/ZEcqHA7dbwM?si=DU-6-eXrCtzhkLN4,Jazz,Night party,English
What a Wonderful World,Louis Armstrong,-,2:18,https://www.youtube.com/embed/rBrd_3VMC3c?si=6vGVXPbwT_Ppx8ei,Jazz,Night party,English
Unforgettable,Nat King Cole,-,3:12,https://www.youtube.com/embed/vDN5rG3wLa4?si=n7vpV85v71pzGi8U,Jazz,Night party,English
Ain’t Misbehavin’,Fats Waller,-,2:46,https://www.youtube.com/embed/PSNPpssruFY?si=hM7SpFQDD6wK-uGj,Jazz,Night party,English
So What,Miles Davis,-,9:06,https://www.youtube.com/embed/zqNTltOGh5c?si=N1hWiqi5SIQ9ZnBM,Jazz,Night party,English
Blue in Green,Miles Davis,-,5:34,https://www.youtube.com/embed/wUn4zV5mfNs?si=eS4LiTSxISxQkd0-,Jazz,Night party,English
Moanin’,Charles Mingus,-,9:02,https://www.youtube.com/embed/__OSyznVDOY?si=CwlM0N9MWrpbPX5V,Jazz,Night party,English
Style,Taylor Swift,-,4:03,https://www.youtube.com/embed/-CmadmM5cOk?si=caBkNjSXQPwZBCUi,Pop,Night party,English
Viva La Vida,Coldplay,-,4:02,https://www.youtube.com/embed/dvgZkm1xWPE?si=-hQPtgBkhMmIdRTy,Pop,Night party,English
Young and Beautiful,Lana Del Rey,-,3:58,https://www.youtube.com/embed/o_1aF54DO60?si=qChqI0dtOymw7Eg5,Pop,Night party,English
A Thousand Years,Christina Perri,-,4.47,https://www.youtube.com/embed/rtOvBOTyX00?si=RjxL9iNK7l9GZE4V,Pop,Night party,English
Can’t Take My Eyes Off You,Frankie Valli,-,3:22,https://www.youtube.com/embed/J36z7AnhvOM?si=d0U_Z37BABZjUS6y,Pop,Night party,English
The Look of Love,Dusty Springfield,-,4:17,https://www.youtube.com/embed/Tf1d65OHYXo?si=3xxQkDqZU7G2-ZAy,Pop,Night party,English
Your Song,Elton John,-,3:48,https://www.youtube.com/embed/GlPlfCy1urI?si=Wwlgzb1zPv5tS2kk,Pop,Night party,English
All of Me,John Legend,-,5:07,https://www.youtube.com/embed/450p7goxZqg?si=Oq6cYekv4s72NFhS,Pop,Night party,English
Halo,Beyoncé,-,3:44,https://www.youtube.com/embed/bnVUHWCynig?si=ZH6Hm_kWXL7PWnNn,Pop,Night party,English
Gravity,John Mayer,-,4:05,https://www.youtube.com/embed/_iGOWk-r614?si=ZWNniajosvAX5GTC,Pop,Night party,English
At Last,Etta James,-,2:59,https://www.youtube.com/embed/1qJU8G7gR_g?si=uUFeCNs4MmDMQ89_,"Jazz , Romantic",Night party,English
Let’s Stay Together,Al Green,-,3:19,https://www.youtube.com/embed/XXx6RDzR6eM?si=cqwLRzgT2lFuLx-U,R&B,Night party,English
I Will Always Love You,Whitney Houston,-,4:34,https://www.youtube.com/embed/3JWTaaS7LdU?si=1zM8l6yUKCIqASv0,"Pop, Romantic, Country",Night party,English
Wonderful Tonight,Eric Clapton,-,3:41,https://www.youtube.com/embed/Pu5c4aEg3NM?si=jmilELhV4cKkWnnU,"Rock, Romantic",Night party,English
When a Man Loves a Woman,Percy Sledge,-,2:55,https://www.youtube.com/embed/KwPxhWU1koE?si=IKyKAxrrMFhrsZkQ,"R&B, Romantic",Night party,English
Make You Feel My Love,Adele,-,3:32,https://www.youtube.com/embed/9IzKueQ2ZxY?si=9hsY7ps6hkB2jygy,"Pop, Romantic, Country",Night party,English
Just the Way You Are,Billy Joel,-,4:51,https://www.youtube.com/embed/HaA3YZ6QdJU?si=O-SoMPfdvj43Gn-R,"Pop, Romantic, R&B",Night party,English
If I Ain’t Got You,Alicia Keys,-,3:29,https://www.youtube.com/embed/Ju8Hr50Ckwk?si=yA00CKzjxN1aiBp8,"R&B, Pop, Romantic",Night party,English
Ain’t No Mountain High Enough,Marvin Gaye & Tammi Terrell,-,2:31,https://www.youtube.com/embed/ABfQuZqq8wg?si=bAfRNBgdO5ryTxyd,"R&B, Retro",Night party,English
Endless Love,Diana Ross & Lionel Richie,-,4:28,https://www.youtube.com/embed/Sv8XHiTkDYg?si=btSr2_6c2e7qKtLs,"Pop, Romantic",Night party,English
WIM,Magic,-,3:25,https://www.youtube.com/embed/eNVpmZM2XDA?si=tYogZLej23H10TcC,"Pop , Indie",Night party,English
Moonlit Floor,Lisa,-,2:36,https://www.youtube.com/embed/pxGM_TOgHuM?si=AN_PtbpkCvqdjIuM,"Pop , Jazz",Night party,English
Sumflower,"Post Malone , Swae Lee",-,2:41,https://www.youtube.com/embed/ApXoWvfEYVU?si=0LLJuCVV6DrY-0n0,"Hip-Hop, Pop",Night party,English
Would You MInd,HYBS,-,3:33,https://www.youtube.com/embed/WW6VE7ROcyA?si=BFF0fm8WnzEf5YPM,"R&B , Pop",Night party,English
Night and Day, Frank Sinatra,-,4:03,https://www.youtube.com/embed/E10L8G67ozU?si=K9l4GKJfzmjDnxPq,Jazz,Night party,English
The Girl from Ipanema ,Stan Getz & Astrud Gilberto,-,5:24,https://www.youtube.com/embed/c5QfXjsoNe4?si=NMLUa4u9KWkUfnXB,Jazz,Night party,English
My Favorite Things ,John Coltrane,-,13:46,https://www.youtube.com/embed/qWG2dsXV5HI?si=c94bpjJne9EF4F5Y,Jazz,Night party,English
Blue Monk ,Thelonious Monk,-,3:47,https://www.youtube.com/embed/b1kO5KYGLts?si=kiH33T23ZN7-3fIb,Jazz,Night party,English
It Had to Be You, Harry Connick Jr.,-,2:39,https://www.youtube.com/embed/_UnQOfPwZfs?si=2XM7dPpKxRg1B8Av,Jazz,Night party,English
Cheek to Cheek,Fred Astaire,-,3:22,https://www.youtube.com/embed/0QYdcHQXwdM?si=JLSS6alYZyvuVaOb,Jazz,Night party,English
Moanin’,Charles Mingus,-,9:02,https://www.youtube.com/embed/__OSyznVDOY?si=DCBioGwU_IP8uC4M,Jazz,Night party,English
Don’t Know Why,Norah Jones,-,3:02,https://www.youtube.com/embed/tO4dxvguQDk?si=S3-piyU5uLZVuEeM,Jazz,Night party,English
Misty, Erroll Garner,-,2:49,https://www.youtube.com/embed/UOLEEkYO4MA?si=W-Jpb9RTjFa86_K1,Jazz,Night party,English
Beautiful Day,U2,-,4:03,https://www.youtube.com/embed/co6WMzDOh1o?si=pxR7Orfg7kp26qlV,Pop,Night party,English
เพลงสุขสันต์วันเกิด,หนู มิเตอร์,-,1:20,https://www.youtube.com/embed/ueZK7CsxKio?si=3jcccqDIrZM5mYHN,ลูกทุ่ง,Birthday party,Thai
สุขสันต์วันเกิดนะเด็กดื้อ,Z9,-,2:38,https://www.youtube.com/embed/m6ubWRTcAj4?si=yH5jSyIqHmwHi5hq,Pop,Birthday party,Thai
แฮป ๆน้า,JUNENOM ,-,3:29,https://www.youtube.com/embed/ZfajpNG4fZg?si=E1k18w486YeVIU78,Pop,Birthday party,Thai
Best Day Of My Life ,American Authors,-,3:40,https://www.youtube.com/embed/Y66j_BUCBMY?si=A50fFRE3Ls5Tdgfb,Alternative,Birthday party,Eng
Daft Punk ,"Get Lucky  ft. Pharrell Williams, Nile Rodgers",-,4:08,https://www.youtube.com/embed/5NV6Rdv1a3I?si=bPdeCiwlIBs62QyF,EDM,Birthday party,Eng
สุขสันต์วันเกิด,Pearprapa,-,4:26,https://www.youtube.com/embed/Cwkej79U3ek?si=P2fKtjENjXtTu61-,Pop,Birthday party,Thai
Birthday Cake,Rihanna,-,1:20,https://www.youtube.com/embed/leK4eoqwmfU?si=nzu8UNDByZW10WBX,R&B,Birthday party,Eng
You've Got A Friend,Carole King,-,5:10,https://www.youtube.com/embed/eAR_Ff5A8Rk?si=pSOO2QQXyjpe9eXp,Country / Pop,Birthday party,Eng
สุขสันต์วันเกิด,cookie united,-,3:25,https://www.youtube.com/embed/JHHimVecEpY?si=sH-XX_RSBwj33wHA,Pop,Birthday party,Thai
ฤดูใหม่,T_047,-,3:34,https://www.youtube.com/embed/5j2BJkpT6fs?si=1sFw4IBzeIuQVoYC,Indie,Birthday party,Thai
Happy Birthday Sweet Sixteen,Neil Sedaka,-,2:50,https://www.youtube.com/embed/2jKx0NSNGEQ?si=WRuNog5fP3bY5oas,Retro,Birthday party,Eng
ซูลูปาก้า ตาปาเฮ้,themoonwillalwaysbewithme,-,3:45,https://www.youtube.com/embed/guCCAF-fkNI?si=rfyT-uhNFZ91qk8A,Indie,Birthday party,Thai
ยินดีที่ได้พบเธอ,Stoondio,-,3:44,https://www.youtube.com/embed/hHUnDBdOGA4?si=LQk4Y57tvE0zcftE,Indie,Birthday party,Thai
โตไปด้วยด้วยกัน,Uncle Ben,-,5:16,https://www.youtube.com/embed/TJtnc0KJizc?si=fmMqXhUCsCJU_F70,Pop,Birthday party,Thai
หมวกเมฆสีรุ้ง,YEW,-,4:33,https://www.youtube.com/embed/SJNFhQ1gdLo?si=Jpyu0XBca854C4Xv,Indie,Birthday party,Thai
เธอคือของขวัญ,Unplugged,-,5:23,https://www.youtube.com/embed/sUEAcQ7yoVE?si=LMVRjR3XpChdaFdH,Romantic,Birthday party,Thai
รางวัล,Youth Brush,-,3:55,https://www.youtube.com/embed/JYdST6sYUWg?si=qYhSWI4vPg0yPZJX,Indie,Birthday party,Thai
ยิันจุดสิ้นสุดเวลา,Arert,-,3:52,https://www.youtube.com/embed/1LjjxugVn5k?si=xVj4ew17dEDlnTqS,Indie,Birthday party,Thai
เธอคือของขวัญ,สิงโต นำโชค,-,3:36,https://www.youtube.com/embed/u0KcNrUVgxM?si=MZ-sNqiGMob-eI-3,Romantic / Pop,Birthday party,Thai
ข้างกาย,Safeplanet,-,4:16,https://www.youtube.com/embed/4xvSFYbVa0U?si=-G23Utcq1NZ2eGbG,Indie,Birthday party,Thai
Please Be True,LANDOKMAI,-,5:13,https://www.youtube.com/embed/omeX6xiPtPI?si=XK3Wlf1j79Q59Kq2,Indie,Birthday party,Thai
ยินดี,sarah salora,-,3:42,https://www.youtube.com/embed/1EYyGDynYkk?si=GtDc1ImYY_385zVl,Indie,Birthday party,Thai
Birthday,The Beatles,-,2:43,https://www.youtube.com/embed/dhdOPhTHeoE?si=6riGHuTmOsy-bCta,Retro / Rock,Birthday party,Eng
Happy Birthday,Altered Images,-,2:56,https://www.youtube.com/embed/6t1vaF50Ks0?si=-uHN0f06QJxfysMK,Pop / Retro,Birthday party,Eng
B-Day Song,Madonna and M.I.A.,-,3:33,https://www.youtube.com/embed/FE_or9_U8ss?si=O3L1HC13RvdxEcoP,Pop / Hip-Hop,Birthday party,Eng
Thank You,Dido,-,3:13,https://www.youtube.com/embed/1TO48Cnl66w?si=deJxt4IrIkgkw_5n,Pop,Birthday party,Eng
สุขสันต์วันเกิด,พิม ฐิติยากร,-,3:53,https://www.youtube.com/embed/wDnoWIFnY1Q?si=wA8HJ6uPkWe-Dpet,Pop,Birthday party,Thai
H.B.D.(happy birthday),HAWKCRY X KXNZO,-,3:06,https://www.youtube.com/embed/byx8bU9AGnI?si=rzJ6YXb_4CI_kLYC,Rap,Birthday party,Thai
In Da Club,50 Cent,-,3:55,https://www.youtube.com/embed/MZNohxvrFQI?si=f0XMe9ctgBgXDgji,Hip-Hop,Birthday party,Eng
คุยกับเธอได้แค่วันเกิด (once a year),THE WHITE HAIR CUT,-,5:07,https://www.youtube.com/embed/-K_NUf-MWJ0?si=XODrBD6GnyvIS0fk,Indie,Birthday party,Thai
Happy Birthday,Kygo feat. John Legend,-,4:10,https://www.youtube.com/embed/ORemUrv6jJ4?si=6uOIhZjh_Tq3ccBE,EDM,Birthday party,Eng
Birthday,Selena Gomez,-,3:22,https://www.youtube.com/embed/YuYzuLiHP30?si=fHzaiiSb2_Dojatr,Pop,Birthday party,Eng
ให้...HBD,Fair Stin,-,3:49,https://www.youtube.com/embed/aYaF2cMdo3I?si=ESTS2N1F559Qm2DX,Indie,Birthday party,Thai
แฮปปี้เบิร์ดเดย์นะ,UNNY-K X SARAN X BlackHeart,-,3:51,https://www.youtube.com/embed/f9fK0cOvRMA?si=OD5eXkj0ifgiErqi,Rap,Birthday party,Thai
It’s My Birthday,will.i.am and Cody Wise,-,4:21,https://www.youtube.com/embed/JuM7hObGjWI?si=RsckXsMaG_7vpp3_,EDM / Hip-Hop,Birthday party,Eng
สุขสันต์วันนี้วันเกิดเธออีกครั้ง,Paks,-,3:21,https://www.youtube.com/embed/lhk1DwxHshM?si=j6Vl5wuHYe69RWZE,Pop,Birthday party,Thai
Birthday Suit,Kesha,-,2:57,https://www.youtube.com/embed/hweyePnFO4U?si=D3LQO537HSihachB,Pop / EDM,Birthday party,Eng
It’s My Party,Lesley Gore,-,2:40,https://www.youtube.com/embed/mtCIdpnQoWk?si=FJGwdx-HPkxkOPIU,Retro,Birthday party,Eng
Birthday Song,Don McLean,-,2:40,https://www.youtube.com/embed/jHpDqBBIu0Y?si=X9eAnRVu9PlFk1f3,Country,Birthday party,Eng
คำอวยพร,WWJ ,-,4:48,https://www.youtube.com/embed/An0fEBn6E2c?si=1RhgmOblutSdYht0,Pop,Birthday party,Thai
รักแมวคุณมากกว่า,Youth Brush,-,4:00,https://www.youtube.com/embed/Ag1RB68uKIU?si=wBO7fg027KCzxMbI,Indie,Birthday party,Thai
รักคุณเข้าอีกแล้ว,Boydpod,-,4:44,https://www.youtube.com/embed/T8rcGhngbuA?si=vXMQz76Re172pT86,Pop,Birthday party,Thai
Happy Birthday,Stevie Wonder,-,5:57,https://www.youtube.com/embed/RcVZfJO01NI?si=XQefor50lr2g6PvD,R&B,Birthday party,Eng
อวยพรสุดท้าย,NUM KALA,-,6:01,https://www.youtube.com/embed/Mha_C5acEZs?si=q19XOZyvGOG8VV8o,เพื่อชีวิต / Rock,Birthday party,Thai
สุขกันเถอะเรา,สุนทราภรณ์,-,3:30,https://www.youtube.com/embed/5OkDc1KeeSg?si=6aVilFOfOZX7v4Pp,ลูกกรุง / Retro,Birthday party,Thai
Happy Birthday,Sufjan Stevens,-,2:45,https://www.youtube.com/embed/7wRjAsEtNI4?si=zNZlTt0HikwXh_gD,Indie,Birthday party,Eng
Birthday ,Katy Perry,-,3:35,https://www.youtube.com/embed/jqYxyd1iSNk?si=VkFTRSrG8m9pFX7Q,Pop,Birthday party,Eng
Unhappy Birthday,The Smiths,-,2:50,https://www.youtube.com/embed/I28iqDx1b3A?si=xngKlsYmUsmboay1,Alternative,Birthday party,Eng
วันเกิดเธอ,PHUWIN,-,4:20,https://www.youtube.com/embed/_ROx1Bj3T0Y?si=d5b-FJHCgdEaBCSP,Pop,Birthday party,Thai
อยู่ต่อเลยได้ไหม,สิงโต นำโชค,-,3:56,https://www.youtube.com/embed/R5wA8wr5ccg?si=fhmQ61T7rpGOwiAr,Romantic / Pop,Birthday party,Thai
ยินดีที่ไม่รู้จัก,25 Hours,-,3:59,https://www.youtube.com/embed/Whu6oBYdYvk?si=FpNCgnmtFEFUwK1f,Alternative,Birthday party,Thai
พรปีใหม่,เพลงพระราชนิพนธ์,-,3:01,https://www.youtube.com/embed/-ZoRz7bkd_Q?si=tcgP8sCDoouj1Wdt,ลูกทุ่ง,Buddhist Ordination Ceremony,Thai
พระพุทธเจ้า 5 พระองค์ (หลวงปู่มหาศิลา),กานต์ ทศน,-,4:34,https://www.youtube.com/embed/gPNna_XDCd0?si=t33O9-eHYU2dph-Y,ลูกทุ่ง,Buddhist Ordination Ceremony,Thai
สายเปลสายใจ,ยอดรัก สลักใจ,-,3:35,https://www.youtube.com/embed/6a7kO4_NhiM?si=XHhpPcMnEGjc0UsI,ลูกทุ่ง,Buddhist Ordination Ceremony,Thai
สี่กษัตริย์เดินดง,ทศพล หิมพานต์,-,4:33,https://www.youtube.com/embed/dvJsNZjMpGY?si=vyj0KrPdr0-J9jw3,ลูกทุ่ง,Buddhist Ordination Ceremony,Thai
บวชนาค,ยอดรัก สลักใจ,-,4:15,https://www.youtube.com/embed/lhzGD4K63Hc?si=uxFXzDHySA8QMRN8,ลูกทุ่ง,Buddhist Ordination Ceremony,Thai
องค์ใดพระสัมพุทธ,ธนพร แวกประยูร,-,4:44,https://www.youtube.com/embed/zP_7kdBeCMU?si=mpHeTKuXAFGhYxoT,ลูกทุ่ง,Buddhist Ordination Ceremony,Thai
นาคสั่งสีกา,ดำรง วงศ์ทอง,-,4:06,https://www.youtube.com/embed/OAQB099K4RY?si=QjmDOLaWif8tvSPB,ลูกทุ่ง,Buddhist Ordination Ceremony,Thai
พระรถเมรี,ไวพจน์ เพชรสุพรรณ,-,3:41,https://www.youtube.com/embed/s0QQdCPq6N0?si=ILol_CjJRTVMYJss,ลูกทุ่ง,Buddhist Ordination Ceremony,Thai
บุญบั้งไฟ,โจอี้ ภูวศิษฐ์,-,4:35,https://www.youtube.com/embed/dZby0E-RChI?si=Qo-FwdwJsU2XqAS1,ลูกทุ่ง,Buddhist Ordination Ceremony,Thai
ตราบลมหายใจสุดท้าย,ธนพร แวกประยูร,-,5:24,https://www.youtube.com/embed/Oo4hXkdLlV4?si=W71IZ7Pw5l2gVYNS,ลูกทุ่ง,Buddhist Ordination Ceremony,Thai
ทำบุญร่วมชาติ,ชาย เมืองสิงห์,-,4:02,https://www.youtube.com/embed/1T14Ay8vhQQ?si=k7mpC6PQmw4wr-qf,ลูกทุ่ง,Buddhist Ordination Ceremony,Thai
เสียงซอสั่งสาว,ศรชัย เมฆวิเชียร,-,3:48,https://www.youtube.com/embed/_sjmV5GowYA?si=bwsV7FBZFdU-ZHDn,ลูกทุ่ง,Buddhist Ordination Ceremony,Thai
ปางเมื่อพระองค์ปะระมะพุทธ,ธนพร แวกประยูร,-,4:54,https://www.youtube.com/embed/wb_XvdFS27Q?si=oCSUWwIiKS2n2BlS,ลูกทุ่ง,Buddhist Ordination Ceremony,Thai
สาวอีสานรอรัก,ฝน สุรทัย,-,3:16,https://www.youtube.com/embed/Hwyxvb1J5Ls?si=PXiOria3nnikN_7v,ลูกทุ่ง,Buddhist Ordination Ceremony,Thai
สาวงามเมืองพิจิตร,สดใส รุ่งโพธิ์ทอง,-,3:49,https://www.youtube.com/embed/pvGxOL24v0Y?si=fYk6a99jA4zQjxws,ลูกทุ่ง,Buddhist Ordination Ceremony,Thai
รำวงบ้านนา,ไวพจน์ เพชรสุพรรณ,-,3:24,https://www.youtube.com/embed/ESKltQO2grU?si=tYOTGX8ON1OXa9Xq,ลูกทุ่ง,Buddhist Ordination Ceremony,Thai
ชั่วเจ็ดทีดีเจ็ดหน,สดใส รุ่งโพธิ์ทอง,-,3:31,https://www.youtube.com/embed/0R5wCFl3P8A?si=GfsHP0gqaHjMuNZH,ลูกทุ่ง,Buddhist Ordination Ceremony,Thai
สวัสดีปีใหม่ ,เบิร์ด ธงไชย,-,3:40,https://www.youtube.com/embed/RrN-85lyU3k?si=3WFzfgRBaDbBxnkh,ลูกทุ่ง,Buddhist Ordination Ceremony,Thai
บ้านเรา,คาราบาว,-,3:21,https://www.youtube.com/embed/oPovkG_QIhI?si=1GdSW_RwpfzJgHZo,ลูกทุ่ง,Buddhist Ordination Ceremony,Thai
ขอให้รวย,ก๊อท จักรพันธ์,-,4:59,https://www.youtube.com/embed/WF0hO0RJ4LQ?si=_sMKyOfFYB6M1pvh,ลูกทุ่ง,Buddhist Ordination Ceremony,Thai
อิ่มอุ่น,ศุ บุญเลี้ยง,-,3:45,https://www.youtube.com/embed/d8b5H6Zc_q8?si=r6HZTztKnS8yN4hZ,ลูกทุ่ง,Buddhist Ordination Ceremony,Thai
ความสุข ความทรงจำ ไม่มีที่สิ้นสุด,เบิร์ด ธงไชย,-,4:03,https://www.youtube.com/embed/LeYqzc0MuOI?si=2w539xysJYB5ncGZ,ลูกทุ่ง,Buddhist Ordination Ceremony,Thai
บุญบ้านเฮา,วิทย์ สุวิทย์,-,6:04,https://www.youtube.com/embed/NmK73vMxv_M?si=7k0azctsB_G3JUWS,ลูกทุ่ง,Buddhist Ordination Ceremony,Thai
รำวงเกี่ยวข้าว,พิมพา-ธนา และชาวคณะ,-,3:22,https://www.youtube.com/embed/x_GoORr__00?si=L3TtXwwHu23xvkJM,ลูกทุ่ง,Buddhist Ordination Ceremony,Thai
ให้บุญนำพา,เบียร์พร้อมพงษ์,-,4:56,https://www.youtube.com/embed/alm0hLSPYGc?si=yCMbFGcUOLlQewuo,ลูกทุ่ง,Buddhist Ordination Ceremony,Thai
วอนหลวงพ่อรวย,มนต์แคน แก่นคูน,-,4:55,https://www.youtube.com/embed/w0GDEgCAsWk?si=L0f_malZFYzdpkTw,ลูกทุ่ง,Buddhist Ordination Ceremony,Thai
คาถาขุนแผน,กานต์์ ทศน,-,4:40,https://www.youtube.com/embed/SyjQvKRSCUU?si=kxxMregS_2AfXc9p,ลูกทุ่ง,Buddhist Ordination Ceremony,Thai
คนบ้านเดียวกัน,ไผ่ พงศธร,-,4:32,https://www.youtube.com/embed/wv-G-kM9pUs?si=4X3YGG0pg4WDuw4b,ลูกทุ่ง,Buddhist Ordination Ceremony,Thai
ผู้ปิดทองหลังพระ,คาราบาว,-,6:40,https://www.youtube.com/embed/sZ4iuUJWe5A?si=BQFAK7kEwdEgpr3z,ลูกทุ่ง,Buddhist Ordination Ceremony,Thai
นาคน้อยคอยแฟน,ไวพจน์ เพชรสุพรรณ,-,4:10:00,https://www.youtube.com/embed/jwRSxe4t7SQ?si=2LTI_Zwn6ut_P3ia,ลูกทุ่ง,Buddhist Ordination Ceremony,Thai
ทำบุญทอดกฐิน,ยอดรัก สลักใจ,-,3:08,https://www.youtube.com/embed/4FdOAKQVm9U?si=ultrDsTWJVBllb_,ลูกทุ่ง,Buddhist Ordination Ceremony,Thai
ทำบุญร่วมชาติ ,ไวพจน์ เพชรสุพรรณ,-,3:13,https://www.youtube.com/embed/ErraVNxOgh4?si=hocuvoGnO8-PFd4W,ลูกทุ่ง,Buddhist Ordination Ceremony,Thai
บุญกฐิน,จินตหรา พูนลาภ,-,3:21,https://www.youtube.com/embed/8KGGrtVmvAA?si=D2Bq-LYwyc-HGXZ9,ลูกทุ่ง,Buddhist Ordination Ceremony,Thai
บุญผลา,ศิริพร อำไพพงษ์,-,4:25,https://www.youtube.com/embed/uj7_f85j7Wo?si=yzD4tmxIzr3-5MET,ลูกทุ่ง,Buddhist Ordination Ceremony,Thai
ให้บุุญนำพา,ไหมไทย หัวใจศิลป์,-,5:36,https://www.youtube.com/embed/39OfQCr09u8?si=EGbpXsXPuvlrYtL_,ลูกทุ่ง,Buddhist Ordination Ceremony,Thai
สู่ขวัญ,พงษ์สิทธิ์ คำภีร์ ,-,6:08,https://www.youtube.com/embed/rCCCvh31XwQ?si=9P_4YXivk4lBGKBg,ลูกทุ่ง,Buddhist Ordination Ceremony,Thai
เสรีชวนทำำบุญ,เสรี รุ่งสว่าง,-,4:39,https://www.youtube.com/embed/7FX7VqehPEs?si=hURsYPjzRakVJS1A,ลูกทุ่ง,Buddhist Ordination Ceremony,Thai
เจ้าพ่อสำเร็จ,เสรี รุ่งสว่าง,-,5:33,https://www.youtube.com/embed/zu8JOa-HK2s?si=eJ8_e52CAwpIyPGa,ลูกทุ่ง,Buddhist Ordination Ceremony,Thai
เสรีให้พร,เสรี รุ่งสว่าง,-,3:46,https://www.youtube.com/embed/J6S__oH6JuY?si=_iQt1dWuaS1jPtn8,ลูกทุ่ง,Buddhist Ordination Ceremony,Thai
บูชาครู (ผลปัญโญ),ธีเดช ทองอภิชาติ x พงศ์ วงพัทลุง,-,5:27,https://www.youtube.com/embed/vjVjzwcUKP8?si=TZOqRuuzgyJ52cv5,ลูกทุ่ง,Buddhist Ordination Ceremony,Thai
หลวงพ่อคูณ,คาราบาว,-,4:39,https://www.youtube.com/embed/EkU56Z6dNq0?si=-BgGa6PNJmEv9eri,ลูกทุ่ง,Buddhist Ordination Ceremony,Thai
พรุ่งนี้พี่บวช,ทศพล หิมพานต์,-,3:31,https://www.youtube.com/embed/xUTd-gWJEBg?si=85kXLG3Ksu8kHiNT,ลูกทุ่ง,Buddhist Ordination Ceremony,Thai
แฟนนาคอยู๋ไหน,ไวพจน์ เพชรสุพรรณ feat ทศพล หิมพานต์,-,4:04,https://www.youtube.com/embed/PFvlY38I5Dc?si=9r2FDr1I_5fk-ED9,ลูกทุ่ง,Buddhist Ordination Ceremony,Thai
ผู้ชนะสิบทิศ,ชรินทร์ นันทนาคร,-,3:55,https://www.youtube.com/embed/GprAqKhFnJQ?si=ZJfsdgEnY4kX-9GH,ลูกทุ่ง,Buddhist Ordination Ceremony,Thai
เสรีชวนทำบุญ,เสรี รุ่งสว่าง,-,4:39,https://www.youtube.com/embed/7FX7VqehPEs?si=iCDXcxgzOXLOAP6Q,ลูกทุ่ง,Buddhist Ordination Ceremony,Thai
เปลวไฟที่ปลายเทียน,เสรี รุ่งสว่าง,-,6:37,https://www.youtube.com/embed/Jo45uHfShJE?si=BNFGstZUMJRRni-q,ลูกทุ่ง,Buddhist Ordination Ceremony,Thai
แหล่วันทอง,ทศพล หิมพานต์,-,3:47,https://www.youtube.com/embed/pRN-mYl551s?si=OYPUhkot9BnmUDfQ,ลูกทุ่ง,Buddhist Ordination Ceremony,Thai
บวชพระดีกว่า,ไวพจน์ เพชรสุพรรณ,-,3:14,https://www.youtube.com/embed/5SFYONnzHDo?si=qo088s27aIHjblTA,ลูกทุ่ง,Buddhist Ordination Ceremony,Thai
ขอพรพระใหญ่,สลา คุณวุฒิ,-,4:20,https://www.youtube.com/embed/BpJ-iWCnNsA?si=XRp-CL2xTBxdOgdK,ลูกทุ่ง,Buddhist Ordination Ceremony,Thai
เวียนเทียน,ไวพจน์ เพชรสุพรรณ,-,4:05,https://www.youtube.com/embed/MGxgknujht4?si=dQ_Crw0SAqK5grvN,ลูกทุ่ง,Buddhist Ordination Ceremony,Thai
เทียนพุทธธรรม,แอ๊ด คาราบาว,-,4:21,https://www.youtube.com/embed/YjRK8fa3c4E?si=DVD5Q1QdPHGFtkfp,ลูกทุ่ง,Buddhist Ordination Ceremony,Thai
ออกพรรษาน้ำตาหล่น,แอน อรดี,-,5:24,https://www.youtube.com/embed/PFZtOcY9ONA?si=jr4A2hR8CvN9tbKZ,ลูกทุ่ง,Buddhist Ordination Ceremony,Thai
ไวพจน์ลาบวช,ไวพจน์ เพชรสุพรรณ,-,26:01:00,https://www.youtube.com/embed/JWQN0Ljt3Pg?si=cd4lDdc40P4QKY2A,ลูกทุ่ง,Buddhist Ordination Ceremony,Thai
คาถามหานิยม,ยอดรัก สลักใจ,-,3:06,https://www.youtube.com/embed/ppLmMJez2WE?si=YqK6JTmyBkzyXyUO,ลูกทุ่ง,Buddhist Ordination Ceremony,Thai
ขอบคุณแฟนเพลง,ยอดรัก สลักใจ,-,4:58,https://www.youtube.com/embed/120vVJMKDHg?si=Rl14UGbyHOtDhXxR,ลูกทุ่ง,Buddhist Ordination Ceremony,Thai
ทำบุญกันบ้าง,ทศพล หิมพานต์,-,3:38,https://www.youtube.com/embed/RGVT-3yECuU?si=QJ36_Kuz26kkT3oS,ลูกทุ่ง,Buddhist Ordination Ceremony,Thai
The Lord is My Shepherd,Howard Goodall,-,3:18,https://youtu.be/rZDU9tfNUNM?feature=shared,Worship,Christian Ordination Ceremony,English
Amazing Grace,John Newton,-,3:17,https://youtu.be/o9IMdDzoaws?feature=shared,Hymn,Christian Ordination Ceremony,English
How Great Thou Art,Carl Boberg,-,4:12,https://youtu.be/0O74vX6XmKc?feature=shared,Hymn,Christian Ordination Ceremony,English
Here I Am to Worship,Tim Hughes,-,4:42,https://youtu.be/b_KNvkk2G-Y?feature=shared,Worship,Christian Ordination Ceremony,English
Shout to the Lord,Darlene Zschech,-,4:45,https://youtu.be/EVkc7Av5rzQ?feature=shared,Worship,Christian Ordination Ceremony,English
"10,000 Reasons (Bless the Lord)",Matt Redman,-,4:22,https://youtu.be/XtwIT8JjddM?feature=shared,Worship,Christian Ordination Ceremony,English
In Christ Alone,Keith Getty & Stuart Townend,-,4:10,https://youtu.be/m_063OI38RQ?feature=shared,Worship,Christian Ordination Ceremony,English
Our God,Chris Tomlin,-,4:47,https://youtu.be/lybYyxoGTgg?feature=shared,Worship,Christian Ordination Ceremony,English
Mighty to Save,Hillsong Worship,-,6:49,https://youtu.be/GEAcs2B-kNc?feature=shared,Worship,Christian Ordination Ceremony,English
Blessed Be Your Name,Matt Redman,-,5:48,https://youtu.be/tTpTQ4kBLxA?feature=shared,Worship,Christian Ordination Ceremony,English
Forever,Chris Tomlin,-,5:27,https://youtu.be/d6xxWGWpaUQ?feature=shared,Worship,Christian Ordination Ceremony,English
Open the Eyes of My Heart,Paul Baloche,-,9:22,https://youtu.be/ViBNqNukgzE?feature=shared,Worship,Christian Ordination Ceremony,English
"Lord, I Lift Your Name on High",Rick Founds,-,3:02,https://youtu.be/lkeZkoaCte4?feature=shared,Worship,Christian Ordination Ceremony,English
The Heart of Worship,Matt Redman,-,5:23,https://youtu.be/OD4tB1o6YLw?feature=shared,Worship,Christian Ordination Ceremony,English
"Come, Now is the Time to Worship",Brian Doerksen,-,6.36,https://youtu.be/i6guWKnmxYU?feature=shared,Worship,Christian Ordination Ceremony,English
You Are My King (Amazing Love),Billy Foote,-,6:05,https://youtu.be/TUCQbZImpJE?feature=shared,Worship,Christian Ordination Ceremony,English
Revelation Song,Jennie Lee Riddle,-,5:34,https://youtu.be/4cXQpD2g49g?feature=shared,Worship,Christian Ordination Ceremony,English
Jesus Messiah,Chris Tomlin,-,4:48,https://youtu.be/tdxSC1tHJn0?feature=shared,Worship,Christian Ordination Ceremony,English
Holy is the Lord,Chris Tomlin,-,4:12,https://youtu.be/hVWBt8bfmCs?feature=shared,Worship,Christian Ordination Ceremony,English
From the Inside Out,-,Hillsong United,5:24,https://youtu.be/F881DVFZr8g?feature=shared,Worship,Christian Ordination Ceremony,English
I Could Sing of Your Love Forever,Martin Smith,-,5:51,https://youtu.be/u46_o40pxKc?feature=shared,Worship,Christian Ordination Ceremony,English
The Stand,-,Hillsong United,7:02,https://youtu.be/UbiErL_pc8M?feature=shared,Worship,Christian Ordination Ceremony,English
How He Loves,John Mark McMillan,-,4:37,https://youtu.be/_HGRyxAfhZU?feature=shared,Worship,Christian Ordination Ceremony,English
Everlasting God,Chris Tomlin,-,4:23,https://youtu.be/JSHRThrP1O0?feature=shared,Worship,Christian Ordination Ceremony,English
You Never Let Go,Matt Redman,-,4:41,https://youtu.be/NM14VZVu0og?feature=shared,Worship,Christian Ordination Ceremony,English
Cornerstone,,Hillsong Worship,3:28,https://youtu.be/ZvotrMIdTQw?feature=shared,Worship,Christian Ordination Ceremony,English
Build My Life,Pat Barrett,,5:09,https://youtu.be/Z32HiCoFzlU?feature=shared,Worship,Christian Ordination Ceremony,English
Living Hope,Phil Wickham,,5:32,https://youtu.be/u-1fwZtKJSM?feature=shared,Worship,Christian Ordination Ceremony,English
Good Good Father,Chris Tomlin,,4:58,https://youtu.be/CqybaIesbuA?feature=shared,Worship,Christian Ordination Ceremony,English
Great Are You Lord,-,All Sons & Daughters,4:54,https://youtu.be/hpb02shcAis?feature=shared,Worship,Christian Ordination Ceremony,English
O Come to the Altar,Elevation Worship,-,5:55,https://youtu.be/rYQ5yXCc_CA?feature=shared,Worship,Christian Ordination Ceremony,English
What a Beautiful Name,-,Hillsong Worship,5:43,https://youtu.be/nQWFzMvCfLE?feature=shared,Worship,Christian Ordination Ceremony,English
This is Amazing Grace,Phil Wickham,-,4:39,https://youtu.be/XFRjr_x-yxU?feature=shared,Worship,Christian Ordination Ceremony,English
Who You Say I Am,-,Hillsong Worship,5:35,https://youtu.be/lKw6uqtGFfo?feature=shared,Worship,Christian Ordination Ceremony,English
Lion and the Lamb,-,Leeland,4:44,https://youtu.be/C9ujBoud26k?feature=shared,Worship,Christian Ordination Ceremony,English
O Praise the Name (Anástasis),-,Hillsong Worship,5:30,https://youtu.be/LqBpifDpNKc?feature=shared,Worship,Christian Ordination Ceremony,English
King of My Heart,-,Bethel Music,6:31,https://youtu.be/EpqSbKYxd9Y?feature=shared,Worship,Christian Ordination Ceremony,English
No Longer Slaves,Jonathan David and Melissa Helser,-,6:10,https://youtu.be/f8TkUMJtK5k?feature=shared,Worship,Christian Ordination Ceremony,English
Reckless Love,Cory Asbury,-,5:33,https://youtu.be/Sc6SSHuZvQE?feature=shared,Worship,Christian Ordination Ceremony,English
Way Maker,Sinach,-,5:06,https://youtu.be/k28qCBwww0E?feature=shared,Worship,Christian Ordination Ceremony,English
Raise a Hallelujah,-,Bethel Music,7:51,https://youtu.be/G2XtRuPfaAU?feature=shared,Worship,Christian Ordination Ceremony,English
Tremble,-,Mosaic MSC,5:16,https://youtu.be/dL_d2mbNZNA?feature=shared,Worship,Christian Ordination Ceremony,English
Yes I Will,-,Vertical Worship,3:38,https://youtu.be/ryFS_3eBq6s?feature=shared,Worship,Christian Ordination Ceremony,English
Do It Again,-,Elevation Worship,6:36,https://youtu.be/0B_lnQIITxU?feature=shared,Worship,Christian Ordination Ceremony,English
Resurrecting,-,Elevation Worship,4:25,https://youtu.be/aHGFNUlEZ8M?feature=shared,Worship,Christian Ordination Ceremony,English
Glorious Day,-,Passion,5:03,https://youtu.be/LfzpfqrPUDo?feature=shared,Worship,Christian Ordination Ceremony,English
Living Hope,-,Bethel Music,5:01,https://youtu.be/9l7lIisdyMk?feature=shared,Worship,Christian Ordination Ceremony,English
So Will I (100 Billion X),-,Hillsong United,7:03,https://youtu.be/GfVd5x9W1Xc?feature=shared,Worship,Christian Ordination Ceremony,English
Who You Say I Am,-,Hillsong Worship,5:35,https://youtu.be/lKw6uqtGFfo?feature=shared,Worship,Christian Ordination Ceremony,English
Build My Life,-,Housefires,8:12,https://youtu.be/FYMjO9mL0Tw?feature=shared,Worship,Christian Ordination Ceremony,English
Goodness of God,-,Bethel Music,4:55,https://youtu.be/IvSuGyJQ6oM?feature=shared,Worship,Christian Ordination Ceremony,English
Graves into Gardens,-,Elevation Worship,7:33,https://youtu.be/KwX1f2gYKZ4?feature=shared,Worship,Christian Ordination Ceremony,English
See a Victory,-,Elevation Worship,6:04,https://youtu.be/AI3VcChbPBY?feature=shared,Worship,Christian Ordination Ceremony,English
The Blessing,Kari Jobe & Cody Carnes,-,11:05,https://youtu.be/uZ55mDL7dA0?feature=shared,Worship,Christian Ordination Ceremony,English
Battle Belongs,Phil Wickham,-,4:46,https://youtu.be/qtvQNzPHn-w?feature=shared,Worship,Christian Ordination Ceremony,English
House of the Lord,Phil Wickham,-,4:15,https://youtu.be/h8uKldEUrPE?feature=shared,Worship,Christian Ordination Ceremony,English
Same God,-,Elevation Worship,8:02,https://youtu.be/LawxIZE9ePE?feature=shared,Worship,Christian Ordination Ceremony,English
Thank You Jesus for the Blood,Charity Gayle,-,5:29,https://youtu.be/Ve03Q4t9LHY?feature=shared,Worship,Christian Ordination Ceremony,English
Fear is a Liar,Zach Williams,-,4:33,https://youtu.be/1srs1YoTVzs?feature=shared,Worship,Christian Ordination Ceremony,English
Chain Breaker,Zach Williams,-,4:33,https://youtu.be/JGYjKR69M6U?feature=shared,Worship,Christian Ordination Ceremony,English
See You Again,Wiz Khalifa ft. Charlie Puth,-,3:58,https://youtu.be/RgKAFK5djSk?feature=shared,Pop,Funeral,Eng
Someone Like You,Adele,-,4:45,https://youtu.be/hLQl3WQQoQ0?feature=shared,Pop,Funeral,Eng
Fix You,-,Coldplay,4:54,https://youtu.be/k4V3Mo61fJM?feature=shared,Pop,Funeral,Eng
Wake Me Up When September Ends,-,Green Day,7:13,https://youtu.be/NU9JoFKlaZ0?feature=shared,Pop,Funeral,Eng
ลืมไปหรือเปล่า,อะตอม ชนกันต์,-,3:39,https://youtu.be/yv5ifcxKaXs?feature=shared,Pop,Funeral,Thai
ความทรงจำ,-,Musketeers,4:00,https://youtu.be/3asJg7mRYHg?feature=shared,Pop,Funeral,Thai
Too Good at Goodbyes,Sam Smith,-,4:25,https://youtu.be/J_ub7Etch2U?feature=shared,Pop,Funeral,Eng
Let Her Go,Passenger,-,4:15,https://youtu.be/RBumgq5yVrA?feature=shared,Pop,Funeral,Eng
All of Me,John Legend,-,5:08,https://youtu.be/450p7goxZqg?feature=shared,Pop,Funeral,Eng
Memories,-,Maroon 5,3:16,https://youtu.be/SlPhMPnQ58k?feature=shared,Pop,Funeral,Eng
The Dance,Garth Brooks,-,3:49,https://youtu.be/6FHvP_Yv0wE?feature=shared,Country,Funeral,Eng
Tears in Heaven,Eric Clapton,-,4:35,https://youtu.be/JxPj3GAYYZ0?feature=shared,Rock,Funeral,Eng
In the arms of an angel,Sarah McLachlan,-,4:34,https://youtu.be/1SiylvmFI_8?feature=shared,Pop,Funeral,Eng
ฤดูที่แตกต่าง,บอย โกสิยพงษ์,-,4:42,https://youtu.be/zwUmBsBy-vg?feature=shared,Pop,Funeral,Thai
แสงสุดท้าย,-,Bodyslam,4:44,https://youtu.be/SZ6p1Pe-2do?feature=shared,Rock,Funeral,Thai
ความทรงจำ,เต้ วิทย์สรัช,-,3:58,https://youtu.be/izQfVauyt1c?feature=shared,Pop,Funeral,Thai
คิดถึง,หรั่ง ร็อกเคสตร้า,-,4:34,https://youtu.be/IatZP3NlUnY?feature=shared,Rock,Funeral,Thai
ตลอดเวลา,พงษ์สิทธิ์ คำภีร์,-,3:42,https://youtu.be/zdvlJRlamuk?feature=shared,Folk,Funeral,Thai
My Way,Frank Sinatra,-,4:16,https://youtu.be/w019MzRosmk?feature=shared,Pop,Funeral,Eng
Wind Beneath My Wings,Bette Midler,-,4:19,https://youtu.be/0iAzMRKFX3c?feature=shared,Pop,Funeral,Eng
Time to Say Goodbye,Sarah Brightman & Andrea Bocelli,-,4:07,https://youtu.be/M3mdHmhI3cs?feature=shared,Classic,Funeral,Eng
Angels,Robbie Williams,-,3:56,https://youtu.be/luwAMFcc2f8?feature=shared,Pop,Funeral,Eng
Over the Rainbow,Eva Cassidy,-,5:31,https://youtu.be/2rd8VktT8xY?feature=shared,Folk,Funeral,Eng
Hallelujah,Leonard Cohen,-,4:39,https://youtu.be/ttEMYvpoR-k?feature=shared,Folk,Funeral,Eng
Highway to Hell,-,AC/DC,3:28,https://youtu.be/l482T0yNkeo?feature=shared,Rock,Funeral,Eng
ไม่อยู่ในชีวิตแต่อยู่ในหัวใจ,Lula,-,6:01,https://youtu.be/m5UKkFFIeUk?feature=shared,Pop,Funeral,Thai
จดหมายถึงเธอ,-,BOYd-NOP,4:14,https://youtu.be/WX7FsHcUfME?feature=shared,Pop,Funeral,Thai
โลกที่ไม่มีเธอ,Portrait,-,5:55,https://youtu.be/Ov_m2EbgxUs?feature=shared,Pop,Funeral,Thai
ฝันกลางวัน,ขนิษฐา,-,4:03,https://youtu.be/IkPJsNEfsbE?feature=shared,Pop,Funeral,Thai
ร่องรอย,-,Ewery,4:58,https://youtu.be/xfz6ygnKodE?feature=shared,Pop,Funeral,Thai
แด่เธอที่รัก,-,Klear,4:56,https://youtu.be/izLHRA9k1jQ?feature=shared,Rock,Funeral,Thai
รักเธอทั้งหมดของหัวใจ,-,Pause,4:57,https://youtu.be/r1L_MzeuEjk?feature=shared,Pop,Funeral,Thai
เธอจะอยู่กับฉันตลอดไป,-,Clash,4:45,https://youtu.be/iUlTq0fZrLw?feature=shared,Rock,Funeral,Thai
แค่ได้คิดถึง,ญารินดา บุนนาค,-,4:08,https://youtu.be/9JXm73C0DvI?feature=shared,Pop,Funeral,Thai
ตลอดไป,เล็ก สลาลม,-,5:52,https://youtu.be/-sNU2nsK_8I?feature=shared,Indie,Funeral,Thai
Part Time Musicians,The Haunted House,-,5:31,https://youtu.be/0aAVzcHRJqc?feature=shared,Indie,Funeral,Eng
Don't Fear the Reaper,-,Blue Öyster Cult,5:08,https://youtu.be/Dy4HA3vUv2c?feature=shared,Rock,Funeral,Eng
To Love Somebody,Bee Gees,-,3:02,https://youtu.be/RQCT1f8IHK0?feature=shared,Pop,Funeral,Eng
Bridge Over Troubled Water,-,Simon & Garfunkel,4:54,https://youtu.be/4G-YQA_bsOU?feature=shared,Pop,Funeral,Eng
Candle in the Wind,Elton John,-,3:58,https://youtu.be/OefdqK3jKi0?feature=shared,Pop,Funeral,Eng
Knocking on Heaven's Door,Bob Dylan,-,2:32,https://youtu.be/rm9coqlk8fY?feature=shared,Folk,Funeral,Eng
Everybody Hurts,-,R.E.M.,5:54,https://youtu.be/5rOiW_xY-kc?feature=shared,Alternative,Funeral,Eng
One Sweet Day,Mariah Carey & Boyz II Men,-,4:46,https://youtu.be/UXxRyNvTPr8?feature=shared,R&B,Funeral,Eng
I'll Be Missing You,Puff Daddy & Faith Evans feat. 112,-,4:32,https://youtu.be/NKMtZm2YuBE?feature=shared,Hip-Hop,Funeral,Eng
Gone Too Soon,Michael Jackson,-,3:39,https://youtu.be/IcNamirwTaY?feature=shared,Pop,Funeral,Eng
If I Die Young,-,The Band Perry,3:50,https://youtu.be/7NJqUN9TClM?feature=shared,Country,Funeral,Eng
Fire and Rain,James Taylor,-,3:25,https://youtu.be/EbD7lfrsY2s?feature=shared,Folk,Funeral,Eng
Dance With My Father,Luther Vandross,-,4:20,https://youtu.be/wmDxJrggie8?feature=shared,R&B,Funeral,Eng
Supermarket Flowers,Ed Sheeran,-,3:42,https://youtu.be/bIB8EWqCPrQ?feature=shared,Pop,Funeral,Eng
Jealous,Labrinth,-,4:47,https://youtu.be/50VWOBi0VFs?feature=shared,Pop,Funeral,Eng
See You Soon,-,Coldplay,2:52,https://youtu.be/xKT367sJzR8?feature=shared,Alternative,Funeral,Eng
Who You'd Be Today,-,Kenny Chesney,4:07,https://youtu.be/2Ne3cz9eUsQ?feature=shared,Country,Funeral,Eng
Slipped Away,Avril Lavigne,-,3:35,https://youtu.be/sh-MYtENchs?feature=shared,Pop,Funeral,Eng
Hear You Me,-,Jimmy Eat World,4:45,https://youtu.be/fcmFH5OvdtA?feature=shared,Alternative,Funeral,Eng
Gone Away,-,The Offspring,4:30,https://youtu.be/40V9_1PMUGM?feature=shared,Rock,Funeral,Eng
Wake Up Alone,Amy Winehouse,-,3:42,https://youtu.be/bS8-qQojlhA?feature=shared,Jazz,Funeral,Eng
Blackbird,-,The Beatles,2:19,https://youtu.be/Man4Xw8Xypo?feature=shared,Rock,Funeral,Eng
At Last,Etta James,,3:00,https://youtu.be/1qJU8G7gR_g?feature=shared,Jazz,Luxury Event,English
Fly Me to the Moon,Frank Sinatra,,2:28,https://youtu.be/ZEcqHA7dbwM?feature=shared,Jazz,Luxury Event,English
What a Wonderful World,Louis Armstrong,,2:19,https://youtu.be/rBrd_3VMC3c?feature=shared,Jazz,Luxury Event,English
Can't Help Falling in Love,Elvis Presley,,3:01,https://youtu.be/vGJTaP6anOU?feature=shared,Pop,Luxury Event,English
The Way You Look Tonight,Tony Bennett,,3:24,https://youtu.be/DtqRked7GQM?feature=shared,Jazz,Luxury Event,English
Unforgettable,Nat King Cole,,3:13,https://youtu.be/vDN5rG3wLa4?feature=shared,Jazz,Luxury Event,English
Sway,Dean Martin,,2:43,https://youtu.be/J76ExFgg0Vs?feature=shared,Jazz,Luxury Event,English
L-O-V-E,Nat King Cole,,2:33,https://youtu.be/f_HmF84G7ZY?feature=shared,Jazz,Luxury Event,English
Come Away with Me,Norah Jones,,3:15,https://youtu.be/lbjZPFBD6JU?feature=shared,Jazz,Luxury Event,English
Besame Mucho,Andrea Bocelli,,4:02,https://youtu.be/g4M0hH1R2eU?feature=shared,Classical,Luxury Event,Spanish
La Vie En Rose,Édith Piaf,,3:09,https://youtu.be/LUYvMOUW0gc?feature=shared,Chanson,Luxury Event,French
Cheek to Cheek,Ella Fitzgerald & Louis Armstrong,,5:52,https://youtu.be/20iOlPwz0J0?feature=shared,Jazz,Luxury Event,English
Moon River,Andy Williams,,2:45,https://youtu.be/L_jgIezosVA?feature=shared,Pop,Luxury Event,English
My Funny Valentine,Chet Baker,,2:17,https://youtu.be/QuMzUXPEPRM?feature=shared,Jazz,Luxury Event,English
Summertime,Ella Fitzgerald,,4:57,https://youtu.be/2HJCN3upMHE?feature=shared,Jazz,Luxury Event,English
Feeling Good,Nina Simone,,3:03,https://youtu.be/oHRNrgDIJfo?feature=shared,Jazz,Luxury Event,English
Georgia on My Mind,Ray Charles,,3:38,https://youtu.be/ggGzE5KfCio?feature=shared,Jazz,Luxury Event,English
Someone to Watch Over Me,Ella Fitzgerald,,3:18,https://youtu.be/9kh4ffPyj-g?feature=shared,Jazz,Luxury Event,English
I've Got You Under My Skin,Frank Sinatra,,3:47,https://youtu.be/C1AHec7sfZ8?feature=shared,Jazz,Luxury Event,English
Misty,Sarah Vaughan,,3:04,https://youtu.be/ptdIiXjiqkw?feature=shared,Jazz,Luxury Event,English
Ave Maria,Franz Schubert,,3:34,https://youtu.be/XpYGgtrMTYs?feature=shared,Classical,Luxury Event,Latin
O Mio Babbino Caro,Giacomo Puccini,,2:08,https://youtu.be/0Wlcr2bIKmk?feature=shared,Opera,Luxury Event,Italian
Nessun Dorma,Giacomo Puccini,,3:01,https://youtu.be/Uau48wh5CeI?feature=shared,Opera,Luxury Event,Italian
Time to Say Goodbye,Andrea Bocelli & Sarah Brightman,,4:07,https://youtu.be/M3mdHmhI3cs?feature=shared,Classical,Luxury Event,English
Caruso,Luciano Pavarotti,,5:24,https://youtu.be/Cp5kF94isS4?feature=shared,Opera,Luxury Event,Italian
Con te partirò,Andrea Bocelli,,4:01,https://youtu.be/nVUHHW1tJYA?feature=shared,Classical,Luxury Event,Italian
Por una Cabeza,Carlos Gardel,,2:26,https://youtu.be/Gcxv7i02lXc?feature=shared,Tango,Luxury Event,Spanish
Libertango,Astor Piazzolla,,2:45,https://youtu.be/yvtpT1ARF1o?feature=shared,Tango,Luxury Event,Instrumental
Oblivion,Astor Piazzolla,,3:36,https://youtu.be/dF-IMQzd_Jo?feature=shared,Tango,Luxury Event,Instrumental
Historia de un Amor,Luis Miguel,,4:02,https://youtu.be/kqObd2CcEKc?feature=shared,Bolero,Luxury Event,Spanish
Sabor a Mí,Eydie Gormé & Trio Los Panchos,,3:00,https://youtu.be/aQCo3rczB-w?feature=shared,Bolero,Luxury Event,Spanish
Cuando calienta el sol,Luis Miguel,,4:39,https://youtu.be/gTkJ-nP6pXY?feature=shared,Bolero,Luxury Event,Spanish
The Look of Love,Diana Krall,,3:50,https://youtu.be/Yr8xDSPjII8?feature=shared,Jazz,Luxury Event,English
I've Got a Crush on You,Linda Ronstadt,,3:30,https://youtu.be/FZQJ3rc4GRM?feature=shared,Jazz,Luxury Event,English
Fever,Peggy Lee,,4:16,https://youtu.be/REryc1TpeY8?feature=shared,Jazz,Luxury Event,English
Ain't That a Kick in the Head,Dean Martin,,2:25,https://youtu.be/1ERI1GoZ4NA?feature=shared,Swing,Luxury Event,English
Beyond the Sea,Bobby Darin,,2:53,https://youtu.be/Rc7_lCfbQP0?feature=shared,Swing,Luxury Event,English
You Make Me Feel So Young,Frank Sinatra,,2:58,https://youtu.be/8XuL5xSVL7s?feature=shared,Swing,Luxury Event,English
It's Only a Paper Moon,Nat King Cole,,2:59,https://youtu.be/IIQFJGru-xI?feature=shared,Swing,Luxury Event,English
Let’s Face the Music and Dance,Nat King Cole,,2:27,https://youtu.be/KsefOgWryjE?feature=shared,Swing,Luxury Event,English
Pennies from Heaven,Billie Holiday,,3:15,https://youtu.be/JxVXNWdHDq8?feature=shared,Swing,Luxury Event,English
Chega de Saudade,João Gilberto,,3:20,https://youtu.be/yUuJrpP0Mak?feature=shared,Bossa Nova,Luxury Event,Portuguese
Manhã de Carnaval,Luiz Bonfá,,2:28,https://youtu.be/FNK-OaWhwGU?feature=shared,Bossa Nova,Luxury Event,Portuguese
Felicidade,Antônio Carlos Jobim,,3:52,https://youtu.be/sTi1AMyPWQE?feature=shared,Bossa Nova,Luxury Event,Portuguese
C'est Magnifique,Cole Porter,,3:44,https://youtu.be/FcStChI4uw4?feature=shared,Jazz,Luxury Event,French
Sous le ciel de Paris,Édith Piaf,,3:25,https://youtu.be/SC06NyI6KKU?feature=shared,Chanson,Luxury Event,French
Padam Padam,Édith Piaf,,3:18,https://youtu.be/xXqLj7X1WDU?feature=shared,Chanson,Luxury Event,French
Hymne à l'amour,Édith Piaf,,3:25,https://youtu.be/sgBldNsK-xw?feature=shared,Chanson,Luxury Event,French
Milord,Édith Piaf,,4:31,https://youtu.be/nZcdI1u_9o8?si=or6Papg8EJnMqvMf,Chanson,Luxury Event,French
I Say a Little Prayer,Aretha Franklin,,3:37,https://youtu.be/-8y0onSG3kg?si=GIJwBSz65MbTTj7S,Soul,Luxury Event,English
Walk On By,Dionne Warwick,,2:59,https://youtu.be/vsGsCvJWEo8?feature=shared,Soul,Luxury Event,English
Let's Stay Together,Al Green,,3:20,https://youtu.be/XXx6RDzR6eM?si=DM6lWyleNw6Dp7Ri,Soul,Luxury Event,English
Corcovado (Quiet Nights of Quiet Stars),Antônio Carlos Jobim,,2:45,https://youtu.be/uU1mz6WburU?feature=shared,Bossa Nova,Luxury Event,Portuguese
Desafinado,Stan Getz & Charlie Byrd,,4:16,https://youtu.be/tCMhuN3053o?si=jliHh3A91DAmCaZ0,Bossa Nova,Luxury Event,Portuguese
Wave,Antônio Carlos Jobim,,2:57,https://youtu.be/JGqzKmp_5Bg?si=-KGLh6kWNtF0lcWf,Bossa Nova,Luxury Event,Portuguese
Agua de Beber,Astrud Gilberto,,2:21,https://youtu.be/qZx-Z3_n4t8?feature=shared,Bossa Nova,Luxury Event,Portuguese
So Nice (Summer Samba),Marcos Valle,,2:32,https://youtu.be/-sM-BxtS5jQ?feature=shared,Bossa Nova,Luxury Event,Portuguese
Meditation,Antônio Carlos Jobim,,3:19,https://youtu.be/HGLUgbxlsYA?si=muXD20mkjTUwKxXp,Bossa Nova,Luxury Event,Portuguese
One Note Samba,Sérgio Mendes,,1:46,https://youtu.be/UmO8PbwZrXA?si=heJx5dh3LQWx-g-q,Bossa Nova,Luxury Event,Portuguese
Dindi,Astrud Gilberto,,2:47,https://youtu.be/Ix27PsFefLw?feature=shared,Bossa Nova,Luxury Event,Portuguese
How Insensitive,Antônio Carlos Jobim,,3:55,https://youtu.be/5ppmTFXA30s?si=FRqmkRM3GLrFI_H6,Bossa Nova,Luxury Event,Portuguese
เพลงสุดท้าย,-,CLASH,5:56,https://www.youtube.com/embed/pjrhVxBXJyE?si=A8KL6lm3mEHe_VF1,Rock,Farewell,Thai
เธอยัง...,-,Potato,4:54,https://www.youtube.com/embed/CeHm9NkPh2E?si=LjzLdrpX3ffvOrGU,Pop Rock,Farewell,Thai
เราและนาย,-,LOSO,3:57,https://www.youtube.com/embed/Bd-Gju4bnW0?si=5BQNJllxWwySwiSS,Rock,Farewell,Thai
หนังสือรุ่น,ป้าง นครินทร์,-,4:22,https://www.youtube.com/embed/0s7LsfTsbU0?si=gtcE4r17gumPSxe4,Pop Rock,Farewell,Thai
โชคดีนะเพื่อน,-,ไมโคร,4:23,https://www.youtube.com/embed/uAXyHBcmEhw?si=WPkDWAyNXJXWrDGx,Rock,Farewell,Thai
Take Care นะ,-,G-JR,3:57,https://www.youtube.com/embed/DhMe0j3ZaVA?si=M9Wrq1ZYnSRIiLuw,Pop,Farewell,Thai
ด้วยความปรารถนาดี,เอ๊ะ จิรากร,-,4:23,https://www.youtube.com/embed/Mf8c_bg7pwo?si=U-whtE9rlHObG8Ft,Pop,Farewell,Thai
จะได้ไม่ลืมกัน,เบิร์ด ธงไชย,-,3:55,https://www.youtube.com/embed/MWOdgjfB4ak?si=Pu7nMx3-s5WxBHvu,Pop,Farewell,Thai
ฉันจะจำเธอแบบนี้,โบ สุนิตา,-,4:55,https://www.youtube.com/embed/NPajX54XjBQ?si=UCrld6heQYe4MOi4,Pop,Farewell,Thai
รักเธอทุกวินาที,-,All Kamikaze,5:59,https://www.youtube.com/embed/JGEGUQ5hOtY?si=R5Wyh7gnfiRxUWWo,Pop,Farewell,Thai
เล่าสู่กันฟัง,เบิร์ด ธงไชย,-,4:22,https://www.youtube.com/embed/9SM2hywQIVo?si=aX1vwaNJh4iyXkwT,Pop,Farewell,Thai
จากตรงนี้ที่(เคย)สวยงาม,-,AYLA's,5:13,https://www.youtube.com/embed/nBBIuLUYa_w?si=uXEVRsqMseVdjmxA,Pop,Farewell,Thai
ลาก่อน,Yourmood,-,3:10,https://www.youtube.com/embed/TRrVrSznG7Y?si=5fcF8lzx1zYOlx8v,Pop,Farewell,Thai
ขอบคุณที่รักกัน,-,Potato,3:53,https://www.youtube.com/embed/TXsg-BDfnl4?si=iYXXd85P3jsei002,Pop,Farewell,Thai
เรายังรักกัน,-,LOSO,4:14,https://www.youtube.com/embed/s0PEtMHLYd8?si=avw9heOFpQ06y1N8,Rock,Farewell,Thai
เพื่อนสนิท,-,Endorphine,3:57,https://www.youtube.com/embed/fOMWjbuxsho?si=u92BRW4CnWZOqr5A,Pop,Farewell,Thai
เพื่อนชีวิต,เขียว คาราบาว,-,5:09,https://www.youtube.com/embed/PRhzk1I0QOQ?si=oNKSfjTEGc9C7aP9,Pop Rock,Farewell,Thai
เพื่อนกันตลอดไป,โจ สูงเนิน,-,4:01,https://www.youtube.com/embed/MypQ-T0WXxA?si=ziSnmLIbkHFoIk25,Pop,Farewell,Thai
Time to Say Goodbye,Andrea Bocelli & Sarah Brightman,-,4:07,https://www.youtube.com/embed/M3mdHmhI3cs?si=uC3BrVv8PpTRc8_j,Classical Crossover,Farewell,Thai
Goodbye My Friend,Linda Ronstadt,-,3:45,https://www.youtube.com/embed/xHqlMjWhlic?si=IbVF-3qTsLgbAj46,Soft Rock,Farewell,English
Leaving on a Jet Plane,John Denver,-,3:41,https://www.youtube.com/embed/SneCkM0bJq0?si=0OOc9KqJSCDk2_35,Folk,Farewell,English
I Will Remember You,Sarah McLachlan,-,3:40,https://www.youtube.com/embed/nSz16ngdsG0?si=XL_-zHeGgr3ICLeW,Pop,Farewell,English
One More Day,-,Diamond Rio,3:35,https://www.youtube.com/embed/Xi8O7JdA4Sg?si=dKQlvIhxPonMiyup,Country,Farewell,English
"So Long, Farewell",-,The Sound of Music Cast,2:56,https://www.youtube.com/embed/7pIMIF12hRA?si=S53uxrAKkSLPFFxN,Musical,Farewell,English
Adieu,Soledad,-,3:57,https://www.youtube.com/embed/Gop3c55IaTA?si=w1xNf8tBwE95Jl76,Pop,Farewell,French
Mi Historia Entre Tus Dedos,Gianluca Grignani,-,5:07,https://www.youtube.com/embed/aHFAXW840uM?si=jHVlYgxJSWu64JB5,Pop,Farewell,Spanish
Adios A Media Voz,Julio Iglesias,-,3:34,https://www.youtube.com/embed/DXXIkZN_xcM?si=6C-Sss8G_iKHfr6C,Pop,Farewell,Spanish
Tears in Heaven,Eric Clapton,-,4:32,https://www.youtube.com/embed/VVqXLXMch9g?si=KU69BhAV57t9vTdr,Soft Rock,Farewell,English
My Way,Frank Sinatra,-,4:37,https://www.youtube.com/embed/qQzdAsjWGPg?si=nilqfqP9j8f09Zlg,Jazz,Farewell,English
The Time of My Life,Bill Medley & Jennifer Warnes,-,4:45,https://www.youtube.com/embed/4BQLE_RrTSU?si=ophQm6otyZGF7uhh,"Pop , Rock",Farewell,English
Don’t Stop Believin,-,Journey,4:11,https://www.youtube.com/embed/1k8craCGpgs?si=lkb7uAg97S3OySgO,Rock,Farewell,English
I Will Always Love You,Whitney Houston,-,4:34,https://www.youtube.com/embed/3JWTaaS7LdU?si=JTQGinlSR6olDY7j,"Pop, Soul",Farewell,English
Somewhere Over the Rainbow,Israel Kamakawiwo'ole,-,3:48,https://www.youtube.com/embed/V1bFr2SWP1I?si=ECyub00X27ADdOs_,Pop,Farewell,English
Auf Wiedersehen,-,Seeed,3:51,https://www.youtube.com/embed/CipYQ8iedSY?si=q-hHjA86LweDBbj4,Reggae,Farewell,German
Zwei in einem Boot,-,Ich & Ich,5:22,https://www.youtube.com/embed/GASdZwevjMM?si=Lxp_z8SmH6-BftCP,"Pop , Rock",Farewell,German
Viva La Vida,-,Coldplay,4:03,https://www.youtube.com/embed/dvgZkm1xWPE?si=FnDr4K4YeqKGYd3R,Alternative Rock,Farewell,English
Goodbye,-,Spice Girls,4:34,https://www.youtube.com/embed/eegDtyrSUZw?si=1_cOriFAUJGpbFcy,Pop,Farewell,English
El Reloj,Luis Miguel,-,3:02,https://www.youtube.com/embed/5-wpEXdshho?si=hQVYAlVO9EpTMu9y,Bolero,Farewell,Spanish
Endless Love,Diana Ross & Lionel Richie,-,4:26,https://www.youtube.com/embed/UsqDoz2Co4o?si=lEbnhZoN-aPzA4Cf,R&B,Farewell,English
The Best Is Yet to Come,Frank Sinatra,-,2:56,https://www.youtube.com/embed/mQIZ-Esbg_c?si=aCTVNa9Eg9ICTqRm,Jazz,Farewell,English
The Final Countdown,-,Europe,4:57,https://www.youtube.com/embed/9jK-NcRmVcw?si=GIqTW6cZ3XwpWwSg,Rock,Farewell,English
I Don’t Want to Miss a Thing,-,Aerosmith,4:53,https://www.youtube.com/embed/JkK8g6FMEXE?si=3gwPRrI7YXsHzu4K,Rock,Farewell,English
We'll Meet Again,Vera Lynn,-,3:01,https://www.youtube.com/embed/2a7_yCxMgZc?si=Ikcp6VAh8wgv8vfp,Pop,Farewell,English
Hernando’s Hideaway,Archie Bleyer,-,2:34,https://www.youtube.com/embed/76Ozl2xZDpU?si=GXlKlD4d1ZNGsxZ8,Pop,Farewell,English
Goodbye Stranger,-,Supertramp,5:49,https://www.youtube.com/embed/pJPMesAnsU8?si=Rb62H4y7_IhNiX6a,Rock,Farewell,English
Time Is On My Side,-,The Rolling Stones,3:02,https://www.youtube.com/embed/jOxHsuV83KA?si=FtDsKiHYz7nThrQ4,Rock,Farewell,English
I’ve Had The Time of My Life,Bill Medley & Jennifer Warnes,-,4:45,https://www.youtube.com/embed/4BQLE_RrTSU?si=-HS-nvMEl3lJe_uQ,"Pop , Rock",Farewell,English
Goodbye to You,Michelle Branch,-,4:12,https://www.youtube.com/embed/KN0wf4PPn-Q?si=epQ_T8NuVR9yLf6K,"Pop , Rock",Farewell,English
Never Can Say Goodbye,Gloria Gaynor,-,3:37,https://www.youtube.com/embed/vQn4fFd8p-8?si=LCTJAehv7EGhnRht,Disco,Farewell,English
Say Something,-,A Great Big World ft. Christina Aguilera,3:52,https://www.youtube.com/embed/-2U0Ivkn2Ds?si=DGrH20NcO-UTIpGg,Pop,Farewell,English
All I Want for Christmas Is You,Mariah Carey,-,4:03,https://www.youtube.com/embed/aAkMkVFwAoo?si=qB8zZNAUv0o5zOb-,Pop,Christmas,English
Last Christmas,Wham!,-,4:39,https://www.youtube.com/embed/E8gmARGvPlI?si=qeWoBd6oe3GKevPP,Pop,Christmas,English
Jingle Bell Rock,Bobby Helms,-,2:11,https://www.youtube.com/embed/Z0ajuTaHBtM?si=EKuWg6PnTBbGa3FQ,Rock,Christmas,English
Feliz Navidad,José Feliciano,-,3:04,https://www.youtube.com/embed/N8NcQzMQN_U?si=DmnI3wQLOWaldjvy,Pop,Christmas,Español
Rockin' Around the Christmas Tree,Brenda Lee,-,2:09,https://www.youtube.com/embed/TFsZy9t-qDc?si=PYWFg7uqJndlDxO-,Rock,Christmas,English
It's the Most Wonderful Time of the Year,Andy Williams,-,2:34,https://www.youtube.com/embed/AN_R4pR1hck?si=-s2uVe54-icCQuYq,Pop,Christmas,English
Santa Tell Me,Ariana Grande,-,5:40,https://www.youtube.com/embed/nlR0MkrRklg?si=cvSVS6PgVr84ihLG,Pop,Christmas,English
Do They Know It's Christmas?,-,Band Aid,4:50,https://www.youtube.com/embed/-w7jyVHocTk?si=-A3t4ucJ0LFSHPFe,Pop,Christmas,English
Happy Xmas (War Is Over),John Lennon & Yoko Ono,-,3:36,https://www.youtube.com/embed/flA5ndOyZbI?si=BVFQnElBuJXCtxHK,"Pop,Rock",Christmas,English
Wonderful Christmastime,Paul McCartney,-,3:47,https://www.youtube.com/embed/94Ye-3C1FC8?si=9p8rSLQB1y1lMTD4,Pop,Christmas,English
Mistletoe,Justin Bieber,-,3:04,https://www.youtube.com/embed/LUjn3RpkcKY?si=JY0JyFiGOqMZ4D6l,Pop,Christmas,English
Let It Snow! Let It Snow! Let It Snow!,Dean Martin,-,1:57,https://www.youtube.com/embed/2TA3IKH8Y5c?si=vayUWgwpLmDHgP-T,Jazz,Christmas,English
Holly Jolly Christmas,Burl Ives,-,2:19,https://www.youtube.com/embed/2uZnbzTG1jY?si=Fl-YK_mc2dEKMv9E,"Pop,Country",Christmas,English
Carol of the Bells,-,Pentatonix,4:11,https://www.youtube.com/embed/WSUFzC6_fp8?si=xaXi3vjco_plRpr3,A cappella,Christmas,English
Silver Bells,Bing Crosby & Carol Richards,-,3:03,https://www.youtube.com/embed/bBFHUyVAch4?si=KFrm-H2WOUP0Akbq,Pop,Christmas,English
Christmas (Baby Please Come Home),Darlene Love,-,2:45,https://www.youtube.com/embed/4EvZOXEoJ84?si=x3ez9jgZxVmLweJH,"Pop,Rock",Christmas,English
Underneath the Tree,Kelly Clarkson,-,3:51,https://www.youtube.com/embed/YfF10ow4YEo?si=Wl0BCRn1Ibm2zsar,Pop,Christmas,English
The Christmas Song (Chestnuts Roasting on an Open Fire),Nat King Cole,-,3:31,https://www.youtube.com/embed/F1itSKJLWQY?si=EmfRiipPQarT96Bt,Jazz,Christmas,English
White Christmas,Michael Bublé,-,3:39,https://www.youtube.com/embed/30TkClWvT5k?si=fLjyMhEzWle9dKU9,Jazz,Christmas,English
O Holy Night,Celine Dion,-,5:24,https://www.youtube.com/embed/RsWUWzai8P8?si=RC8Q7JjXBLMhehOq,Pop,Christmas,English
Petit Papa Noël,Tino Rossi,-,3:12,https://www.youtube.com/embed/NPwUJDtvxJA?si=4TFUNHz7mzb_9pfQ,Chanson,Christmas,French
"Stille Nacht, heilige Nacht (Silent Night",Bing Crosby,-,2:37,https://www.youtube.com/embed/9p97sxREC00?si=e2UViK0G9_UBGp4F,Carol,Christmas,German
Tu scendi dalle stelle,Luciano Pavarotti,-,3:01,https://www.youtube.com/embed/KNf8cin_kYo?si=WpfFh_mIpBnT41CE,Carol,Christmas,Italian
O Tannenbaum,Nat King Cole,-,3:00,https://www.youtube.com/embed/9l_3ZOS9P34?si=kASirg-h9WaWwcra,Carol,Christmas,German
Noche de Paz (Silent Night),Andrea Bocelli,-,4:35,https://www.youtube.com/embed/HR1wvwm9mLE?si=ismx6L45cCo_nBIo,Carol,Christmas,Español
Joulupuu on rakennettu,Suvi Teräsniska,-,1:39,https://www.youtube.com/embed/KIP77CdXmBE?si=nrGw6dne35sxFdDB,Carol,Christmas,Finnish
"Glade Jul, dejlige Jul (Silent Night)",Oslo Gospel Choir,-,5:43,https://www.youtube.com/embed/Eyrtzt-JZoI?si=C3gu9Zf-XIH1LSj3,Carol,Christmas,Norwegian
Hacia Belén va una burra,Plácido Domingo,-,1:33,https://www.youtube.com/embed/pPmqcezOY5g?si=B6TWcIBDye_6eJU2,Carol,Christmas,Español
Les Anges dans nos campagnes (Angels We Have Heard on High),-,Christendom College Choir & Schola Gregoriana,2:30,https://www.youtube.com/embed/WHWqj6gKS9g?si=OXV8v3ttnN5SmOat,Carol,Christmas,French
Cicha noc (Silent Night),-,GOLEC uORKIESTRA,4:26,https://www.youtube.com/embed/UAsg2SSR8Lc?si=GOr-FTBczEsdmJFM,Carol,Christmas,Polish
Campana sobre campana,Rafael,-,1:06,https://www.youtube.com/embed/VnLd1R-GKEY?si=vePncJFSKn05H6nX,Carol,Christmas,Español
"Jul, jul, strålande jul",Sissel Kyrkjebø,-,4:04,https://www.youtube.com/embed/3RyTCGCTxoA?si=oxFc5UUUQHmTY4mO,Carol,Christmas,Swedish
Astro del Ciel (Silent Night),Andrea Bocelli,-,4:33,https://www.youtube.com/embed/JIjMwWp0gEw?si=17vdUV3aCcXO8MWp,Carol,Christmas,Italian
"Douce nuit, sainte nuit (Silent Night)",Céline Dion,-,3:01,https://www.youtube.com/embed/aBB3cPR9opc?si=U0GPpVDnyMfl2tYY,ฺBallad,Christmas,French
Merry Christmas Mr. Lawrence,Ryuichi Sakamoto,-,4:49,https://www.youtube.com/embed/1OZDaRhHHyM?si=h1T8uAHJxATexiTp,ฺBallad,Christmas,Japanese
Deck the Halls,Nat King Cole,-,1:09,https://www.youtube.com/embed/kORRidv-p0Y?si=anud-1ZHJzbA3cJK,Carol,Christmas,English
O du fröhliche,Helene Fischer,-,3:34,https://www.youtube.com/embed/-gBtW4GhF3Y?si=97DsCbXByX3CJLKG,Carol,Christmas,German
Vive le vent,Dalida,-,2:32,https://www.youtube.com/embed/J8k3Onc2v_8?si=z-lpxgI9KUfdhaUo,Carol,Christmas,French
Dobryi vechir tobi,Ruslana,-,3:23,https://www.youtube.com/embed/ZWzQ67FQeEQ?si=jXi1L12H5_G4S688,Carol,Christmas,Ruthenian
S'Agapo,Eleni Foureira,-,3:01,https://www.youtube.com/embed/VjMQCnZMBQY?si=0WT0YO3tp2CIfAr5,Pop,Christmas,Greek
Tänd ett ljus,-,Triad,4:12,https://www.youtube.com/embed/w-Fw484lBeA?si=jWCdRNWqGnz3cQ-2,Pop,Christmas,Swedish
Holz,-,257ers,3:34,https://www.youtube.com/embed/wjXUBG15eZ8?si=_o5zKim9C1bUU-tK,Hip Hop,Christmas,German
Na božično noč,-,Pop Design,4:08,https://www.youtube.com/embed/W0jC2byyCPQ?si=3j-2c0q_Sj6xAuce,Pop,Christmas,Slovenian
Jul Det' Cool,MC Einar,-,5:20,https://www.youtube.com/embed/FuyKWtF5aqU?si=RsKmHPJdpSLJmQyP,Hip Hop,Christmas,Danish
Buon Natale,Raffaella Carrà,-,3:38,https://www.youtube.com/embed/WvWV7lyQ0Z4?si=gV1LA51YjGAqt7G8,Pop,Christmas,Italian
Christmas Eve,Tatsuro Yamashita,-,6:08,https://www.youtube.com/embed/PRwDWbyULuU?si=SAAUlrwglGxqpY59,City Pop,Christmas,Japanese
"Fum, Fum, Fum",-,The Tabernacle Choir,1:38,https://www.youtube.com/embed/g1KcdE_kaek?si=eCg_e2dz-ORQDWpZ,Carol,Christmas,Català
Curoo Curoo (The Carol of the Birds),-,Celtic Woman,2:51,https://www.youtube.com/embed/GsFUyq3R004?si=yVCwaNOPOWjiJbKo,Carol,Christmas,Gaelic
Rudolph the Red-Nosed Reindeer,Gene Autry,-,3:09,https://www.youtube.com/embed/44bL90HP0Ys?si=37uFm2a57ZpdxTiO,Carol,Christmas,English
ทุกวันคือวันคริสต์มาส,Poppy Panadda,-,4:04,https://www.youtube.com/embed/9JOFF1afQx8?si=a7mCXdc1GUqGhj3R,Pop,Christmas,Thai