ชื่อเพลง,ชื่อนักร้อง,ชื่อวง,นาที,ลิ้ง url,ประเภทเพลง,ธีมงาน,ภาษา,Mood
Perfect,Ed Sheeran,-,4:39,https://www.youtube.com/embed/2Vv-BfVoq4g?si=HbMRLuKFWS63eyrK,"Pop,Romantic",Wedding,English,Romantic
A Thousand Years,Christina Perri,-,4:45,https://www.youtube.com/embed/rtOvBOTyX00?si=Lvd4yrDrbKuf2DnA,Pop,"Wedding,Night party",English,Romantic
คู๋ชีวิต,-,Cocktail,5:47,https://www.youtube.com/embed/3mYVyVY-lU4?si=eevOTgG_vtvdFVES,Romantic,Wedding,Thai,Romantic
ดาวหางฮัลเลย์,-,fellow fellow,4:19,https://www.youtube.com/embed/WtcKJtwMD2E?si=00fVYPUbfth_ZmN7,Pop,Wedding,Thai,Romantic
เธอคือกาแฟในตอนเช้า,-,No One Else,4:36,https://www.youtube.com/embed/m6qgxvYcjGU?si=CNXNN2hKpV77N8Hx,Pop,Wedding,Thai,"Romantic,Relax"
ของขวัญ,-,Musketeers,5:22,https://www.youtube.com/embed/MG8np3qtgJY?si=8EtpV-YxVc8fbU-Q,Romantic,Wedding,Thai,Romantic
แค่คุณ,-,Musketeers,5:01,https://www.youtube.com/embed/16-wFAbvQiU?si=IIegJDuoOcF-K_zX,Romantic,Wedding,Thai,Romantic
รักแท้,NuNew,-,3:35,https://www.youtube.com/embed/7UAtDPvraos?si=kehAWk1gprL2NcVZ,Pop,Wedding,Thai,Romantic
ข้างกัน,-,Three man down Feat.ออม TELEx TELEXs,5:12,https://www.youtube.com/embed/ks7p6DA0dKk?si=RxAbHepG2WcL0jUk,Pop,Wedding,Thai,Romantic
ตั้งแต่มีเธอชั้นมีความสุข,Violette Wautier ,-,4:15,https://www.youtube.com/embed/fgj8x925w0o?si=UadatP5rTW9T-xPr,Pop,Wedding,Thai,Romantic
ธรรมดาแสนพิเศษ,-,ANATOMY RABBIT,4:03,https://www.youtube.com/embed/h2VIUdst5y4?si=2IKZ5H_HOei9AixM,Pop,Wedding,Thai,Romantic
Untill I Found You,Stephen Sanchez,-,2:25,https://www.youtube.com/embed/GxldQ9eX2wo?si=GQ-05uEEckbtlO2b,Pop,Wedding,English,Romantic
เหตุผลของการมีชีวิตอยู่ คือการได้พบเธอ,-,No One Else,4:03,https://www.youtube.com/embed/KjrkRDQ26u4?si=GavL17taQDvpBbzl,Pop,Wedding,Thai,Romantic
At My Worst,Pink Sweat$,-,2:49,https://www.youtube.com/embed/VXzAJd8UJl8?si=MRGmjGKeBCJjYzCp,"Pop,R&B ",Wedding,English,Romantic
Dandelions,Ruth B.,-,3:55,https://www.youtube.com/embed/W8a4sUabCUo?si=1WdzkFgef7mjktAI,Romantic ,Wedding,English,Romantic
I like Me Better,Lauv,-,3:17,https://www.youtube.com/embed/a7fzkqLozwA?si=JJu5Pu31tlBaaczZ,Romantic ,Wedding,English,Romantic
Enchanted,Taylor Swift,-,5:52,https://www.youtube.com/embed/vv3um0BlygY?si=A18FgiaGAPWOifW3,Romantic ,Wedding,English,Romantic
เพลงรัก,-,Three man down,4:35,https://www.youtube.com/embed/OYPiXBIgvJ8?si=YZ9BOPQ9Xbw2Bf3A,Pop,Wedding,Thai,Romantic
Unchained Melody,Righteous Brothers,-,3:34,https://www.youtube.com/embed/IYj2hex99gY?si=Ms89PL0sYp0eZhiH,"Pop,Rock",Wedding,English,Romantic
All of Me,John Legend,-,4:30,https://www.youtube.com/embed/JXt4MrXL14A?si=O_SWorXMygpL8Pjb,R&B,"Wedding,Night party,Funeral",English,Romantic
At Last,Etta James,-,2:59,https://www.youtube.com/embed/1qJU8G7gR_g?si=GRMnqKWVnC_9IC1P,"Jazz,Romantic ","Wedding,Luxury,Night party",English,Romantic
Can't Help Falling In Love ,Elvis Presley,-,3:00,https://www.youtube.com/embed/vGJTaP6anOU?si=3zP9QOngpmKRpbqv,"Pop,Jazz ","Wedding,Luxury",English,Romantic
I Will Always Love You,Whitney Houston,-,4:34,https://www.youtube.com/embed/3JWTaaS7LdU?si=SlZWnx9KGF0Zn71u,"Pop,R&B",Wedding,English,Romantic
Marry You,Bruno Mars,-,3:47,https://www.youtube.com/embed/dElRVQFqj-k?si=PcJ_mXK4PqBoI16f,Pop,Wedding,English,Romantic
Your Song,Elton Jojn,-,3:48,https://www.youtube.com/embed/GlPlfCy1urI?si=NwgSSzq9SzKr0wbo,"Pop,Romantic","Wedding,Night party",English,Romantic
Thinking Out Loud,Ed Sheeran,-,4:56,https://www.youtube.com/embed/lp-EO5I60KA?si=Yczxf-RzIkSXW-yV,"Pop,Romantic",Wedding,English,Romantic
Stand By Me,Ben E. King,-,2:57,https://www.youtube.com/embed/hwZNL7QVJjE?si=uO7mjEWLdVPRafme,"Retro,R&B",Wedding,English,Romantic
L-O-V-E,Nat King Cole,-,2:35,https://www.youtube.com/embed/gZYtes1RO_w?si=m6DeZqlSWNbHMfPh,"Jazz,Retro",Wedding,English,Romantic
What a Wonderful World,Louis Armstrong,-,2:18,https://www.youtube.com/embed/rBrd_3VMC3c?si=EEFqCy0vNErnLAad,"Jazz,Retro","Wedding,Night party,Luxury",English,Romantic
ลั่นทม,-,Cocktail,4:58,https://www.youtube.com/embed/Mra0MJnMHh0?si=hmH21ed_RaVgE5ls,"Rock,Alternative",Wedding,Thai,Romantic
ต่อจากนี้เพลงรักทุกเพลงจะเป็นของเธอเท่านั้น,-,No One Else,4:41,https://www.youtube.com/embed/jbOTVZAm21M?si=Djggf_n63O4Yca2X,"Indie,Pop",Wedding,Thai,Romantic
จากนี้ไปจนนิรันดร์,เอ๊ะ จิรากร,-,4:06,https://www.youtube.com/embed/goqxPiIipJs?si=AhgkvJ8Y_qRDkmsK,"Pop,Romantic",Wedding,Thai,Romantic
อีกสักกี่ครั้ง,สแตมป์ อภิวัชร์,-,3:53,https://www.youtube.com/embed/aufuB5L-u2A?si=UZHuTWIOzCSCCDBT,"Indie,Pop",Wedding,Thai,Romantic
เมื่อสองเราได้พบกัน,แก้ม วิชญาณี,-,3:25,https://www.youtube.com/embed/pPepugiXXpg?si=SMeCQVOKDZJZYm8r,"Pop,Romantic",Wedding,Thai,Romantic
เวลา,ป๊อบ ปองกูล,-,4:30,https://www.youtube.com/embed/sXhTk7Pl9o0?si=uS8JfXu-j3rlU4S5,"Pop,Romantic",Wedding,Thai,Romantic
ขอบคุณ,แว่นใหญ่,-,5:01,https://www.youtube.com/embed/NFXPALvjcL8?si=OtQkzvb4OXcA8FgD,"Indie,Pop",Wedding,Thai,Romantic
ไม่เปลี่ยนเลย,-,fellow fellow,3:26,https://www.youtube.com/embed/tPKwYos14Pk?si=Damu78igLu8g6Dm0,"Indie,Pop",Wedding,Thai,Romantic
แค่เธอ,Jeff Satur,-,3:48,https://www.youtube.com/embed/aVKJrJbHUV0?si=eQL6gjveMwJA1RWN,"Pop,R&B",Wedding,Thai,Romantic
Sunday Morning,Maroon 5,-,4:24,https://www.youtube.com/embed/S2Cti12XBw4?si=vxyCfNXfyMqEbL1L,"Pop,R&B",Wedding,English,Romantic
Someone Like You,Austin Mahone,-,5:06,https://www.youtube.com/embed/oRongTNdrLc?si=rH0qpXOIIvFu5mmz,"Pop,Romantic",Wedding,English,Romantic
Beautiful In White,Shane Filan,-,3:55,https://www.youtube.com/embed/06-XXOTP3Gc?si=K-G6YYZAdw3FvSqM,"Pop,Romantic",Wedding,English,Romantic
Fly Me To The Moon,Joseph Vincent,-,1.59,https://www.youtube.com/embed/GYrl0wQjGH0?si=fU3kfpsZVV8OS4zZ,"Jazz,Retro","Wedding,Night party,Luxury",English,Romantic
How Long Will I Love You,Elllie Goulding,-,2:37,https://www.youtube.com/embed/an4ySOlsUMY?si=Gn4IpbQDTRiAOrNw,"Pop,Romantic",Wedding,English,Romantic
Here's YOur Perfect,Jamie Miller,-,2:49,https://www.youtube.com/embed/cRi-x2r88no?si=dlApmORGpsoRVKGK,"Pop,R&B",Wedding,English,Romantic
"24/7 , 365",elijah woods,-,2:48,https://www.youtube.com/embed/-h_yBTriuaY?si=HT8xW36pOM6VcMZZ,"Indie,Pop",Wedding,English,Romantic
รัักนานๆ,โดมจารุวัฒน์ Feat พัด Vorapat,-,3:35,https://www.youtube.com/embed/EiafYKXJdWA?si=pRyOdSlzWOjSFX4N,Retro,Wedding,English,Romantic
I Love You 3000,Stephanie Poetri,-,3:29,https://www.youtube.com/embed/cPkE0IbDVs4?si=mP7F1tRehj8EqHs2,"Indie,Pop",Wedding,English,Romantic
Lost Jigsaw,guncharlie,-,3:39,https://www.youtube.com/embed/D-a867A59dM?si=zMOgj3OB5znIU0XK,"Indie,Alternative",Wedding,Thai,Romantic
เพลงรักเพลงแรก,-,LANDOKMAI,4:21,https://www.youtube.com/embed/N9bashij_7c?si=4--gTRZkeqmoGZMj,"Indie,Pop",Wedding,Thai,Romantic
Proud,-,fellow fellow,3:50,https://www.youtube.com/embed/9uZF7BlUQPE?si=PgIFO9Rsj0j4Kp8U,"Indie,Pop",Wedding,Thai,Romantic
What a wonderful world,Lady K & The Gents,-,4:32,https://www.youtube.com/embed/B-rEuFC6Ozs?si=UsHQ1rEcxRMPSpxJ,Classical,Night party,English,Dance
Clair de Lune,Claude Debussy,-,5:13,https://www.youtube.com/embed/WNcsUNKlAKw?si=Ijk5tAD7iMTeFKIc,Classical,Night party,English,Dance
Canon in D,Johann Pachelbel,-,6:16,https://www.youtube.com/embed/NlprozGcs80?si=sQtoPSyt1vQBZF0X,Classical,Night party,English,Dance
The Four Seasons - Spring,Antonio Vivaldi,-,3:16,https://www.youtube.com/embed/e3nSvIiBNFo?si=ewWPCHeqJkLionSJ,Classical,Night party,English,Dance
Air on the G String,Johann Sebastian Bach,-,5:23,https://www.youtube.com/embed/GMkmQlfOJDk?si=xAN94WgaVkEQXv43,Classical,Night party,English,Dance
Pavane,Gabriel Fauré,-,7:04,https://www.youtube.com/embed/mpgyTl8yqbw?si=1EDzZiJ9j1o70Y-S,Classical,Night party,English,Dance
All Blues,Miles Davis,-,11:33,https://www.youtube.com/embed/-488UORrfJ0?si=yMxg6QgIVN_cnSNP,Classical,Night party,English,Dance
Liebestraum No. 3,Franz Liszt,-,4:49,https://www.youtube.com/embed/MBOa-2b4uQQ?si=MelIFuznxz2JPmFC,Classical,Night party,English,Dance
Moonlight Sonata,Ludwig van Beethoven,-,17:25,https://www.youtube.com/embed/4591dCHe_sE?si=OPDDcetCcXnTDe6w,Classical,Night party,English,Dance
Nocturne in E-flat major,Frédéric Chopin,-,4:29,https://www.youtube.com/embed/9E6b3swbnWg?si=boqYU2KLDsIGr0W9,Classical,Night party,English,Dance
The Swan,Camille Saint-Saëns,-,3:27,https://www.youtube.com/embed/b44-5M4e9nI?si=LrENxSIqwrtxcByj,Classical,Night party,English,Dance
Take Five,Dave Brubeck,-,5:25,https://www.youtube.com/embed/-DHuW1h1wHw?si=hnutj1j6QAribOoC,Jazz,Night party,English,Dance
Feeling Good,Nina Simone,-,3:02,https://www.youtube.com/embed/oHRNrgDIJfo?si=p-ZqodkOShkwFz8P,Jazz,Night party,English,Dance
Summertime,Ella Fitzgerald & Louis Armstrong,-,4:56,https://www.youtube.com/embed/2HJCN3upMHE?si=Xy1lvJrcmniFo_Ex,Jazz,Night party,English,Dance
Fly Me to the Moon,Frank Sinatra,-,2:27,https://www.youtube.com/embed/ZEcqHA7dbwM?si=DU-6-eXrCtzhkLN4,Jazz,Night party,English,Dance
What a Wonderful World,Louis Armstrong,-,2:18,https://www.youtube.com/embed/rBrd_3VMC3c?si=6vGVXPbwT_Ppx8ei,Jazz,Night party,English,Dance
Unforgettable,Nat King Cole,-,3:12,https://www.youtube.com/embed/vDN5rG3wLa4?si=n7vpV85v71pzGi8U,Jazz,Night party,English,Dance
Ain’t Misbehavin’,Fats Waller,-,2:46,https://www.youtube.com/embed/PSNPpssruFY?si=hM7SpFQDD6wK-uGj,Jazz,Night party,English,Dance
So What,Miles Davis,-,9:06,https://www.youtube.com/embed/zqNTltOGh5c?si=N1hWiqi5SIQ9ZnBM,Jazz,Night party,English,Dance
Blue in Green,Miles Davis,-,5:34,https://www.youtube.com/embed/wUn4zV5mfNs?si=eS4LiTSxISxQkd0-,Jazz,Night party,English,Dance
Moanin’,Charles Mingus,-,9:02,https://www.youtube.com/embed/__OSyznVDOY?si=CwlM0N9MWrpbPX5V,Jazz,Night party,English,Dance
Style,Taylor Swift,-,4:03,https://www.youtube.com/embed/-CmadmM5cOk?si=caBkNjSXQPwZBCUi,Pop,Night party,English,Dance
Viva La Vida,Coldplay,-,4:02,https://www.youtube.com/embed/dvgZkm1xWPE?si=-hQPtgBkhMmIdRTy,Pop,Night party,English,Dance
Young and Beautiful,Lana Del Rey,-,3:58,https://www.youtube.com/embed/o_1aF54DO60?si=qChqI0dtOymw7Eg5,Pop,Night party,English,Dance
A Thousand Years,Christina Perri,-,4.47,https://www.youtube.com/embed/rtOvBOTyX00?si=RjxL9iNK7l9GZE4V,Pop,Night party,English,Dance
Can’t Take My Eyes Off You,Frankie Valli,-,3:22,https://www.youtube.com/embed/J36z7AnhvOM?si=d0U_Z37BABZjUS6y,Pop,Night party,English,Dance
The Look of Love,Dusty Springfield,-,4:17,https://www.youtube.com/embed/Tf1d65OHYXo?si=3xxQkDqZU7G2-ZAy,Pop,Night party,English,Dance
Your Song,Elton John,-,3:48,https://www.youtube.com/embed/GlPlfCy1urI?si=Wwlgzb1zPv5tS2kk,Pop,Night party,English,Dance
All of Me,John Legend,-,5:07,https://www.youtube.com/embed/450p7goxZqg?si=Oq6cYekv4s72NFhS,Pop,Night party,English,Dance
Halo,Beyoncé,-,3:44,https://www.youtube.com/embed/bnVUHWCynig?si=ZH6Hm_kWXL7PWnNn,Pop,Night party,English,Dance
Gravity,John Mayer,-,4:05,https://www.youtube.com/embed/_iGOWk-r614?si=ZWNniajosvAX5GTC,Pop,Night party,English,Dance
At Last,Etta James,-,2:59,https://www.youtube.com/embed/1qJU8G7gR_g?si=uUFeCNs4MmDMQ89_,"Jazz,Romantic",Night party,English,Dance
Let’s Stay Together,Al Green,-,3:19,https://www.youtube.com/embed/XXx6RDzR6eM?si=cqwLRzgT2lFuLx-U,R&B,Night party,English,Dance
I Will Always Love You,Whitney Houston,-,4:34,https://www.youtube.com/embed/3JWTaaS7LdU?si=1zM8l6yUKCIqASv0,"Pop,Romantic,Country",Night party,English,Dance
Wonderful Tonight,Eric Clapton,-,3:41,https://www.youtube.com/embed/Pu5c4aEg3NM?si=jmilELhV4cKkWnnU,"Rock,Romantic",Night party,English,Dance
When a Man Loves a Woman,Percy Sledge,-,2:55,https://www.youtube.com/embed/KwPxhWU1koE?si=IKyKAxrrMFhrsZkQ,"R&B,Romantic",Night party,English,Dance
Make You Feel My Love,Adele,-,3:32,https://www.youtube.com/embed/9IzKueQ2ZxY?si=9hsY7ps6hkB2jygy,"Pop,Romantic,Country",Night party,English,Dance
Just the Way You Are,Billy Joel,-,4:51,https://www.youtube.com/embed/HaA3YZ6QdJU?si=O-SoMPfdvj43Gn-R,"Pop,Romantic,R&B",Night party,English,Dance
If I Ain’t Got You,Alicia Keys,-,3:29,https://www.youtube.com/embed/Ju8Hr50Ckwk?si=yA00CKzjxN1aiBp8,"R&B,Pop,Romantic",Night party,English,Dance
Ain’t No Mountain High Enough,Marvin Gaye & Tammi Terrell,-,2:31,https://www.youtube.com/embed/ABfQuZqq8wg?si=bAfRNBgdO5ryTxyd,"R&B,Retro",Night party,English,Dance
Endless Love,Diana Ross & Lionel Richie,-,4:28,https://www.youtube.com/embed/Sv8XHiTkDYg?si=btSr2_6c2e7qKtLs,"Pop,Romantic",Night party,English,Dance
WIM,Magic,-,3:25,https://www.youtube.com/embed/eNVpmZM2XDA?si=tYogZLej23H10TcC,"Pop,Indie",Night party,English,Dance
Moonlit Floor,Lisa,-,2:36,https://www.youtube.com/embed/pxGM_TOgHuM?si=AN_PtbpkCvqdjIuM,"Pop,Jazz",Night party,English,Dance
Sumflower,"Post Malone , Swae Lee",-,2:41,https://www.youtube.com/embed/ApXoWvfEYVU?si=0LLJuCVV6DrY-0n0,"Hip-Hop,Pop",Night party,English,Dance
Would You MInd,HYBS,-,3:33,https://www.youtube.com/embed/WW6VE7ROcyA?si=BFF0fm8WnzEf5YPM,"R&B,Pop",Night party,English,Dance
Night and Day, Frank Sinatra,-,4:03,https://www.youtube.com/embed/E10L8G67ozU?si=K9l4GKJfzmjDnxPq,Jazz,Night party,English,Dance
The Girl from Ipanema ,Stan Getz & Astrud Gilberto,-,5:24,https://www.youtube.com/embed/c5QfXjsoNe4?si=NMLUa4u9KWkUfnXB,Jazz,Night party,English,Dance
My Favorite Things ,John Coltrane,-,13:46,https://www.youtube.com/embed/qWG2dsXV5HI?si=c94bpjJne9EF4F5Y,Jazz,Night party,English,Dance
Blue Monk ,Thelonious Monk,-,3:47,https://www.youtube.com/embed/b1kO5KYGLts?si=kiH33T23ZN7-3fIb,Jazz,Night party,English,Dance
It Had to Be You, Harry Connick Jr.,-,2:39,https://www.youtube.com/embed/_UnQOfPwZfs?si=2XM7dPpKxRg1B8Av,Jazz,Night party,English,Dance
Cheek to Cheek,Fred Astaire,-,3:22,https://www.youtube.com/embed/0QYdcHQXwdM?si=JLSS6alYZyvuVaOb,Jazz,Night party,English,Dance
Moanin’,Charles Mingus,-,9:02,https://www.youtube.com/embed/__OSyznVDOY?si=DCBioGwU_IP8uC4M,Jazz,Night party,English,Dance
Don’t Know Why,Norah Jones,-,3:02,https://www.youtube.com/embed/tO4dxvguQDk?si=S3-piyU5uLZVuEeM,Jazz,Night party,English,Dance
Misty, Erroll Garner,-,2:49,https://www.youtube.com/embed/UOLEEkYO4MA?si=W-Jpb9RTjFa86_K1,Jazz,Night party,English,Dance
Beautiful Day,U2,-,4:03,https://www.youtube.com/embed/co6WMzDOh1o?si=pxR7Orfg7kp26qlV,Pop,Night party,English,Dance
เพลงสุขสันต์วันเกิด,หนู มิเตอร์,-,1:20,https://www.youtube.com/embed/ueZK7CsxKio?si=3jcccqDIrZM5mYHN,ลูกทุ่ง,Birthday party,Thai,Celebratory
สุขสันต์วันเกิดนะเด็กดื้อ,Z9,-,2:38,https://www.youtube.com/embed/m6ubWRTcAj4?si=yH5jSyIqHmwHi5hq,Pop,Birthday party,Thai,Celebratory
แฮป ๆน้า,JUNENOM ,-,3:29,https://www.youtube.com/embed/ZfajpNG4fZg?si=E1k18w486YeVIU78,Pop,Birthday party,Thai,Celebratory
Best Day Of My Life ,American Authors,-,3:40,https://www.youtube.com/embed/Y66j_BUCBMY?si=A50fFRE3Ls5Tdgfb,Alternative,Birthday party,Eng,Celebratory
Daft Punk ,"Get Lucky  ft. Pharrell Williams, Nile Rodgers",-,4:08,https://www.youtube.com/embed/5NV6Rdv1a3I?si=bPdeCiwlIBs62QyF,EDM,Birthday party,Eng,Celebratory
สุขสันต์วันเกิด,Pearprapa,-,4:26,https://www.youtube.com/embed/Cwkej79U3ek?si=P2fKtjENjXtTu61-,Pop,Birthday party,Thai,Celebratory
Birthday Cake,Rihanna,-,1:20,https://www.youtube.com/embed/leK4eoqwmfU?si=nzu8UNDByZW10WBX,R&B,Birthday party,Eng,Celebratory
You've Got A Friend,Carole King,-,5:10,https://www.youtube.com/embed/eAR_Ff5A8Rk?si=pSOO2QQXyjpe9eXp,"Country,Pop",Birthday party,Eng,Celebratory
สุขสันต์วันเกิด,cookie united,-,3:25,https://www.youtube.com/embed/JHHimVecEpY?si=sH-XX_RSBwj33wHA,Pop,Birthday party,Thai,Celebratory
ฤดูใหม่,T_047,-,3:34,https://www.youtube.com/embed/5j2BJkpT6fs?si=1sFw4IBzeIuQVoYC,Indie,Birthday party,Thai,Celebratory
Happy Birthday Sweet Sixteen,Neil Sedaka,-,2:50,https://www.youtube.com/embed/2jKx0NSNGEQ?si=WRuNog5fP3bY5oas,Retro,Birthday party,Eng,Celebratory
ซูลูปาก้า ตาปาเฮ้,themoonwillalwaysbewithme,-,3:45,https://www.youtube.com/embed/guCCAF-fkNI?si=rfyT-uhNFZ91qk8A,Indie,Birthday party,Thai,Celebratory
ยินดีที่ได้พบเธอ,Stoondio,-,3:44,https://www.youtube.com/embed/hHUnDBdOGA4?si=LQk4Y57tvE0zcftE,Indie,Birthday party,Thai,Celebratory
โตไปด้วยด้วยกัน,Uncle Ben,-,5:16,https://www.youtube.com/embed/TJtnc0KJizc?si=fmMqXhUCsCJU_F70,Pop,Birthday party,Thai,Celebratory
หมวกเมฆสีรุ้ง,YEW,-,4:33,https://www.youtube.com/embed/SJNFhQ1gdLo?si=Jpyu0XBca854C4Xv,Indie,Birthday party,Thai,Celebratory
เธอคือของขวัญ,Unplugged,-,5:23,https://www.youtube.com/embed/sUEAcQ7yoVE?si=LMVRjR3XpChdaFdH,Romantic,Birthday party,Thai,Celebratory
รางวัล,Youth Brush,-,3:55,https://www.youtube.com/embed/JYdST6sYUWg?si=qYhSWI4vPg0yPZJX,Indie,Birthday party,Thai,Celebratory
ยิันจุดสิ้นสุดเวลา,Arert,-,3:52,https://www.youtube.com/embed/1LjjxugVn5k?si=xVj4ew17dEDlnTqS,Indie,Birthday party,Thai,Celebratory
เธอคือของขวัญ,สิงโต นำโชค,-,3:36,https://www.youtube.com/embed/u0KcNrUVgxM?si=MZ-sNqiGMob-eI-3,"Romantic,Pop",Birthday party,Thai,Celebratory
ข้างกาย,Safeplanet,-,4:16,https://www.youtube.com/embed/4xvSFYbVa0U?si=-G23Utcq1NZ2eGbG,Indie,Birthday party,Thai,Celebratory
Please Be True,LANDOKMAI,-,5:13,https://www.youtube.com/embed/omeX6xiPtPI?si=XK3Wlf1j79Q59Kq2,Indie,Birthday party,Thai,Celebratory
ยินดี,sarah salora,-,3:42,https://www.youtube.com/embed/1EYyGDynYkk?si=GtDc1ImYY_385zVl,Indie,Birthday party,Thai,Celebratory
Birthday,The Beatles,-,2:43,https://www.youtube.com/embed/dhdOPhTHeoE?si=6riGHuTmOsy-bCta,"Retro,Rock",Birthday party,Eng,Celebratory
Happy Birthday,Altered Images,-,2:56,https://www.youtube.com/embed/6t1vaF50Ks0?si=-uHN0f06QJxfysMK,"Pop,Retro",Birthday party,Eng,Celebratory
B-Day Song,Madonna and M.I.A.,-,3:33,https://www.youtube.com/embed/FE_or9_U8ss?si=O3L1HC13RvdxEcoP,"Pop,Hip-Hop",Birthday party,Eng,Celebratory
Thank You,Dido,-,3:13,https://www.youtube.com/embed/1TO48Cnl66w?si=deJxt4IrIkgkw_5n,Pop,Birthday party,Eng,Celebratory
สุขสันต์วันเกิด,พิม ฐิติยากร,-,3:53,https://www.youtube.com/embed/wDnoWIFnY1Q?si=wA8HJ6uPkWe-Dpet,Pop,Birthday party,Thai,Celebratory
H.B.D.(happy birthday),HAWKCRY X KXNZO,-,3:06,https://www.youtube.com/embed/byx8bU9AGnI?si=rzJ6YXb_4CI_kLYC,Rap,Birthday party,Thai,Celebratory
In Da Club,50 Cent,-,3:55,https://www.youtube.com/embed/MZNohxvrFQI?si=f0XMe9ctgBgXDgji,Hip-Hop,Birthday party,Eng,Celebratory
คุยกับเธอได้แค่วันเกิด (once a year),THE WHITE HAIR CUT,-,5:07,https://www.youtube.com/embed/-K_NUf-MWJ0?si=XODrBD6GnyvIS0fk,Indie,Birthday party,Thai,Celebratory
Happy Birthday,Kygo feat. John Legend,-,4:10,https://www.youtube.com/embed/ORemUrv6jJ4?si=6uOIhZjh_Tq3ccBE,EDM,Birthday party,Eng,Celebratory
Birthday,Selena Gomez,-,3:22,https://www.youtube.com/embed/YuYzuLiHP30?si=fHzaiiSb2_Dojatr,Pop,Birthday party,Eng,Celebratory
ให้...HBD,Fair Stin,-,3:49,https://www.youtube.com/embed/aYaF2cMdo3I?si=ESTS2N1F559Qm2DX,Indie,Birthday party,Thai,Celebratory
แฮปปี้เบิร์ดเดย์นะ,UNNY-K X SARAN X BlackHeart,-,3:51,https://www.youtube.com/embed/f9fK0cOvRMA?si=OD5eXkj0ifgiErqi,Rap,Birthday party,Thai,Celebratory
It’s My Birthday,will.i.am and Cody Wise,-,4:21,https://www.youtube.com/embed/JuM7hObGjWI?si=RsckXsMaG_7vpp3_,"EDM,Hip-Hop",Birthday party,Eng,Celebratory
สุขสันต์วันนี้วันเกิดเธออีกครั้ง,Paks,-,3:21,https://www.youtube.com/embed/lhk1DwxHshM?si=j6Vl5wuHYe69RWZE,Pop,Birthday party,Thai,Celebratory
Birthday Suit,Kesha,-,2:57,https://www.youtube.com/embed/hweyePnFO4U?si=D3LQO537HSihachB,"Pop,EDM",Birthday party,Eng,Celebratory
It’s My Party,Lesley Gore,-,2:40,https://www.youtube.com/embed/mtCIdpnQoWk?si=FJGwdx-HPkxkOPIU,Retro,Birthday party,Eng,Celebratory
Birthday Song,Don McLean,-,2:40,https://www.youtube.com/embed/jHpDqBBIu0Y?si=X9eAnRVu9PlFk1f3,Country,Birthday party,Eng,Celebratory
คำอวยพร,WWJ ,-,4:48,https://www.youtube.com/embed/An0fEBn6E2c?si=1RhgmOblutSdYht0,Pop,Birthday party,Thai,Celebratory
รักแมวคุณมากกว่า,Youth Brush,-,4:00,https://www.youtube.com/embed/Ag1RB68uKIU?si=wBO7fg027KCzxMbI,Indie,Birthday party,Thai,Celebratory
รักคุณเข้าอีกแล้ว,Boydpod,-,4:44,https://www.youtube.com/embed/T8rcGhngbuA?si=vXMQz76Re172pT86,Pop,Birthday party,Thai,Celebratory
Happy Birthday,Stevie Wonder,-,5:57,https://www.youtube.com/embed/RcVZfJO01NI?si=XQefor50lr2g6PvD,R&B,Birthday party,Eng,Celebratory
อวยพรสุดท้าย,NUM KALA,-,6:01,https://www.youtube.com/embed/Mha_C5acEZs?si=q19XOZyvGOG8VV8o,"เพื่อชีวิต,Rock",Birthday party,Thai,Celebratory
สุขกันเถอะเรา,สุนทราภรณ์,-,3:30,https://www.youtube.com/embed/5OkDc1KeeSg?si=6aVilFOfOZX7v4Pp,"ลูกกรุง,Retro",Birthday party,Thai,Celebratory
Happy Birthday,Sufjan Stevens,-,2:45,https://www.youtube.com/embed/7wRjAsEtNI4?si=zNZlTt0HikwXh_gD,Indie,Birthday party,Eng,Celebratory
Birthday ,Katy Perry,-,3:35,https://www.youtube.com/embed/jqYxyd1iSNk?si=VkFTRSrG8m9pFX7Q,Pop,Birthday party,Eng,Celebratory
Unhappy Birthday,The Smiths,-,2:50,https://www.youtube.com/embed/I28iqDx1b3A?si=xngKlsYmUsmboay1,Alternative,Birthday party,Eng,Celebratory
วันเกิดเธอ,PHUWIN,-,4:20,https://www.youtube.com/embed/_ROx1Bj3T0Y?si=d5b-FJHCgdEaBCSP,Pop,Birthday party,Thai,Celebratory
อยู่ต่อเลยได้ไหม,สิงโต นำโชค,-,3:56,https://www.youtube.com/embed/R5wA8wr5ccg?si=fhmQ61T7rpGOwiAr,"Romantic,Pop",Birthday party,Thai,Celebratory
ยินดีที่ไม่รู้จัก,25 Hours,-,3:59,https://www.youtube.com/embed/Whu6oBYdYvk?si=FpNCgnmtFEFUwK1f,Alternative,Birthday party,Thai,Celebratory
พรปีใหม่,เพลงพระราชนิพนธ์,-,3:01,https://www.youtube.com/embed/-ZoRz7bkd_Q?si=tcgP8sCDoouj1Wdt,ลูกทุ่ง,Buddhist,Thai,Uplifting
พระพุทธเจ้า 5 พระองค์ (หลวงปู่มหาศิลา),กานต์ ทศน,-,4:34,https://www.youtube.com/embed/gPNna_XDCd0?si=t33O9-eHYU2dph-Y,ลูกทุ่ง,Buddhist,Thai,Uplifting
สายเปลสายใจ,ยอดรัก สลักใจ,-,3:35,https://www.youtube.com/embed/6a7kO4_NhiM?si=XHhpPcMnEGjc0UsI,ลูกทุ่ง,Buddhist,Thai,Uplifting
สี่กษัตริย์เดินดง,ทศพล หิมพานต์,-,4:33,https://www.youtube.com/embed/dvJsNZjMpGY?si=vyj0KrPdr0-J9jw3,ลูกทุ่ง,Buddhist,Thai,Uplifting
บวชนาค,ยอดรัก สลักใจ,-,4:15,https://www.youtube.com/embed/lhzGD4K63Hc?si=uxFXzDHySA8QMRN8,ลูกทุ่ง,Buddhist,Thai,Uplifting
องค์ใดพระสัมพุทธ,ธนพร แวกประยูร,-,4:44,https://www.youtube.com/embed/zP_7kdBeCMU?si=mpHeTKuXAFGhYxoT,ลูกทุ่ง,Buddhist,Thai,Uplifting
นาคสั่งสีกา,ดำรง วงศ์ทอง,-,4:06,https://www.youtube.com/embed/OAQB099K4RY?si=QjmDOLaWif8tvSPB,ลูกทุ่ง,Buddhist,Thai,Uplifting
พระรถเมรี,ไวพจน์ เพชรสุพรรณ,-,3:41,https://www.youtube.com/embed/s0QQdCPq6N0?si=ILol_CjJRTVMYJss,ลูกทุ่ง,Buddhist,Thai,Uplifting
บุญบั้งไฟ,โจอี้ ภูวศิษฐ์,-,4:35,https://www.youtube.com/embed/dZby0E-RChI?si=Qo-FwdwJsU2XqAS1,ลูกทุ่ง,Buddhist,Thai,Uplifting
ตราบลมหายใจสุดท้าย,ธนพร แวกประยูร,-,5:24,https://www.youtube.com/embed/Oo4hXkdLlV4?si=W71IZ7Pw5l2gVYNS,ลูกทุ่ง,Buddhist,Thai,Uplifting
ทำบุญร่วมชาติ,ชาย เมืองสิงห์,-,4:02,https://www.youtube.com/embed/1T14Ay8vhQQ?si=k7mpC6PQmw4wr-qf,ลูกทุ่ง,Buddhist,Thai,Uplifting
เสียงซอสั่งสาว,ศรชัย เมฆวิเชียร,-,3:48,https://www.youtube.com/embed/_sjmV5GowYA?si=bwsV7FBZFdU-ZHDn,ลูกทุ่ง,Buddhist,Thai,Uplifting
ปางเมื่อพระองค์ปะระมะพุทธ,ธนพร แวกประยูร,-,4:54,https://www.youtube.com/embed/wb_XvdFS27Q?si=oCSUWwIiKS2n2BlS,ลูกทุ่ง,Buddhist,Thai,Uplifting
สาวอีสานรอรัก,ฝน สุรทัย,-,3:16,https://www.youtube.com/embed/Hwyxvb1J5Ls?si=PXiOria3nnikN_7v,ลูกทุ่ง,Buddhist,Thai,Uplifting
สาวงามเมืองพิจิตร,สดใส รุ่งโพธิ์ทอง,-,3:49,https://www.youtube.com/embed/pvGxOL24v0Y?si=fYk6a99jA4zQjxws,ลูกทุ่ง,Buddhist,Thai,Uplifting
รำวงบ้านนา,ไวพจน์ เพชรสุพรรณ,-,3:24,https://www.youtube.com/embed/ESKltQO2grU?si=tYOTGX8ON1OXa9Xq,ลูกทุ่ง,Buddhist,Thai,Uplifting
ชั่วเจ็ดทีดีเจ็ดหน,สดใส รุ่งโพธิ์ทอง,-,3:31,https://www.youtube.com/embed/0R5wCFl3P8A?si=GfsHP0gqaHjMuNZH,ลูกทุ่ง,Buddhist,Thai,Uplifting
สวัสดีปีใหม่ ,เบิร์ด ธงไชย,-,3:40,https://www.youtube.com/embed/RrN-85lyU3k?si=3WFzfgRBaDbBxnkh,ลูกทุ่ง,Buddhist,Thai,Uplifting
บ้านเรา,คาราบาว,-,3:21,https://www.youtube.com/embed/oPovkG_QIhI?si=1GdSW_RwpfzJgHZo,ลูกทุ่ง,Buddhist,Thai,Uplifting
ขอให้รวย,ก๊อท จักรพันธ์,-,4:59,https://www.youtube.com/embed/WF0hO0RJ4LQ?si=_sMKyOfFYB6M1pvh,ลูกทุ่ง,Buddhist,Thai,Uplifting
อิ่มอุ่น,ศุ บุญเลี้ยง,-,3:45,https://www.youtube.com/embed/d8b5H6Zc_q8?si=r6HZTztKnS8yN4hZ,ลูกทุ่ง,Buddhist,Thai,Uplifting
ความสุข ความทรงจำ ไม่มีที่สิ้นสุด,เบิร์ด ธงไชย,-,4:03,https://www.youtube.com/embed/LeYqzc0MuOI?si=2w539xysJYB5ncGZ,ลูกทุ่ง,Buddhist,Thai,Uplifting
บุญบ้านเฮา,วิทย์ สุวิทย์,-,6:04,https://www.youtube.com/embed/NmK73vMxv_M?si=7k0azctsB_G3JUWS,ลูกทุ่ง,Buddhist,Thai,Uplifting
รำวงเกี่ยวข้าว,พิมพา-ธนา และชาวคณะ,-,3:22,https://www.youtube.com/embed/x_GoORr__00?si=L3TtXwwHu23xvkJM,ลูกทุ่ง,Buddhist,Thai,Uplifting
ให้บุญนำพา,เบียร์พร้อมพงษ์,-,4:56,https://www.youtube.com/embed/alm0hLSPYGc?si=yCMbFGcUOLlQewuo,ลูกทุ่ง,Buddhist,Thai,Uplifting
วอนหลวงพ่อรวย,มนต์แคน แก่นคูน,-,4:55,https://www.youtube.com/embed/w0GDEgCAsWk?si=L0f_malZFYzdpkTw,ลูกทุ่ง,Buddhist,Thai,Uplifting
คาถาขุนแผน,กานต์์ ทศน,-,4:40,https://www.youtube.com/embed/SyjQvKRSCUU?si=kxxMregS_2AfXc9p,ลูกทุ่ง,Buddhist,Thai,Uplifting
คนบ้านเดียวกัน,ไผ่ พงศธร,-,4:32,https://www.youtube.com/embed/wv-G-kM9pUs?si=4X3YGG0pg4WDuw4b,ลูกทุ่ง,Buddhist,Thai,Uplifting
ผู้ปิดทองหลังพระ,คาราบาว,-,6:40,https://www.youtube.com/embed/sZ4iuUJWe5A?si=BQFAK7kEwdEgpr3z,ลูกทุ่ง,Buddhist,Thai,Uplifting
ทำบุญทอดกฐิน,ยอดรัก สลักใจ,-,3:08,https://www.youtube.com/embed/4FdOAKQVm9U?si=ultrDsTWJVBllb_,ลูกทุ่ง,Buddhist,Thai,Uplifting
ทำบุญร่วมชาติ ,ไวพจน์ เพชรสุพรรณ,-,3:13,https://www.youtube.com/embed/ErraVNxOgh4?si=hocuvoGnO8-PFd4W,ลูกทุ่ง,Buddhist,Thai,Uplifting
บุญกฐิน,จินตหรา พูนลาภ,-,3:21,https://www.youtube.com/embed/8KGGrtVmvAA?si=D2Bq-LYwyc-HGXZ9,ลูกทุ่ง,Buddhist,Thai,Uplifting
บุญผลา,ศิริพร อำไพพงษ์,-,4:25,https://www.youtube.com/embed/uj7_f85j7Wo?si=yzD4tmxIzr3-5MET,ลูกทุ่ง,Buddhist,Thai,Uplifting
ให้บุุญนำพา,ไหมไทย หัวใจศิลป์,-,5:36,https://www.youtube.com/embed/39OfQCr09u8?si=EGbpXsXPuvlrYtL_,ลูกทุ่ง,Buddhist,Thai,Uplifting
สู่ขวัญ,พงษ์สิทธิ์ คำภีร์ ,-,6:08,https://www.youtube.com/embed/rCCCvh31XwQ?si=9P_4YXivk4lBGKBg,ลูกทุ่ง,Buddhist,Thai,Uplifting
เสรีชวนทำำบุญ,เสรี รุ่งสว่าง,-,4:39,https://www.youtube.com/embed/7FX7VqehPEs?si=hURsYPjzRakVJS1A,ลูกทุ่ง,Buddhist,Thai,Uplifting
เจ้าพ่อสำเร็จ,เสรี รุ่งสว่าง,-,5:33,https://www.youtube.com/embed/zu8JOa-HK2s?si=eJ8_e52CAwpIyPGa,ลูกทุ่ง,Buddhist,Thai,Uplifting
เสรีให้พร,เสรี รุ่งสว่าง,-,3:46,https://www.youtube.com/embed/J6S__oH6JuY?si=_iQt1dWuaS1jPtn8,ลูกทุ่ง,Buddhist,Thai,Uplifting
บูชาครู (ผลปัญโญ),ธีเดช ทองอภิชาติ x พงศ์ วงพัทลุง,-,5:27,https://www.youtube.com/embed/vjVjzwcUKP8?si=TZOqRuuzgyJ52cv5,ลูกทุ่ง,Buddhist,Thai,Uplifting
หลวงพ่อคูณ,คาราบาว,-,4:39,https://www.youtube.com/embed/EkU56Z6dNq0?si=-BgGa6PNJmEv9eri,ลูกทุ่ง,Buddhist,Thai,Uplifting
พรุ่งนี้พี่บวช,ทศพล หิมพานต์,-,3:31,https://www.youtube.com/embed/xUTd-gWJEBg?si=85kXLG3Ksu8kHiNT,ลูกทุ่ง,Buddhist,Thai,Uplifting
แฟนนาคอยู๋ไหน,ไวพจน์ เพชรสุพรรณ feat ทศพล หิมพานต์,-,4:04,https://www.youtube.com/embed/PFvlY38I5Dc?si=9r2FDr1I_5fk-ED9,ลูกทุ่ง,Buddhist,Thai,Uplifting
ผู้ชนะสิบทิศ,ชรินทร์ นันทนาคร,-,3:55,https://www.youtube.com/embed/GprAqKhFnJQ?si=ZJfsdgEnY4kX-9GH,ลูกทุ่ง,Buddhist,Thai,Uplifting
เสรีชวนทำบุญ,เสรี รุ่งสว่าง,-,4:39,https://www.youtube.com/embed/7FX7VqehPEs?si=iCDXcxgzOXLOAP6Q,ลูกทุ่ง,Buddhist,Thai,Uplifting
เปลวไฟที่ปลายเทียน,เสรี รุ่งสว่าง,-,6:37,https://www.youtube.com/embed/Jo45uHfShJE?si=BNFGstZUMJRRni-q,ลูกทุ่ง,Buddhist,Thai,Uplifting
แหล่วันทอง,ทศพล หิมพานต์,-,3:47,https://www.youtube.com/embed/pRN-mYl551s?si=OYPUhkot9BnmUDfQ,ลูกทุ่ง,Buddhist,Thai,Uplifting
บวชพระดีกว่า,ไวพจน์ เพชรสุพรรณ,-,3:14,https://www.youtube.com/embed/5SFYONnzHDo?si=qo088s27aIHjblTA,ลูกทุ่ง,Buddhist,Thai,Uplifting
ขอพรพระใหญ่,สลา คุณวุฒิ,-,4:20,https://www.youtube.com/embed/BpJ-iWCnNsA?si=XRp-CL2xTBxdOgdK,ลูกทุ่ง,Buddhist,Thai,Uplifting
เวียนเทียน,ไวพจน์ เพชรสุพรรณ,-,4:05,https://www.youtube.com/embed/MGxgknujht4?si=dQ_Crw0SAqK5grvN,ลูกทุ่ง,Buddhist,Thai,Uplifting
เทียนพุทธธรรม,แอ๊ด คาราบาว,-,4:21,https://www.youtube.com/embed/YjRK8fa3c4E?si=DVD5Q1QdPHGFtkfp,ลูกทุ่ง,Buddhist,Thai,Uplifting
ออกพรรษาน้ำตาหล่น,แอน อรดี,-,5:24,https://www.youtube.com/embed/PFZtOcY9ONA?si=jr4A2hR8CvN9tbKZ,ลูกทุ่ง,Buddhist,Thai,Uplifting
คาถามหานิยม,ยอดรัก สลักใจ,-,3:06,https://www.youtube.com/embed/ppLmMJez2WE?si=YqK6JTmyBkzyXyUO,ลูกทุ่ง,Buddhist,Thai,Uplifting
ขอบคุณแฟนเพลง,ยอดรัก สลักใจ,-,4:58,https://www.youtube.com/embed/120vVJMKDHg?si=Rl14UGbyHOtDhXxR,ลูกทุ่ง,Buddhist,Thai,Uplifting
ทำบุญกันบ้าง,ทศพล หิมพานต์,-,3:38,https://www.youtube.com/embed/RGVT-3yECuU?si=QJ36_Kuz26kkT3oS,ลูกทุ่ง,Buddhist,Thai,Uplifting
The Lord is My Shepherd,Howard Goodall,-,3:18,https://www.youtube.com/embed/rZDU9tfNUNM?si=28Y7cghNcSW5FFs4,Worship,Christian,English,Worshipful
Amazing Grace,John Newton,-,3:17,https://www.youtube.com/embed/o9IMdDzoaws?si=qQpiiUXUGbxk1JZF,Hymn,Christian,English,Worshipful
How Great Thou Art,Carl Boberg,-,4:12,https://www.youtube.com/embed/0O74vX6XmKc?si=3RUJYOZFbvw6cVA3,Hymn,Christian,English,Worshipful
Here I Am to Worship,Tim Hughes,-,4:42,https://www.youtube.com/embed/b_KNvkk2G-Y?si=7PQVd1wwlmK0KV-Y,Worship,Christian,English,Worshipful
Shout to the Lord,Darlene Zschech,-,4:45,https://www.youtube.com/embed/EVkc7Av5rzQ?si=7wrGqiEHQxt3Qehn,Worship,Christian,English,Worshipful
"10,000 Reasons (Bless the Lord)",Matt Redman,-,4:22,https://www.youtube.com/embed/XtwIT8JjddM?si=4BiTTF0c0oGIZOor,Worship,Christian,English,Worshipful
In Christ Alone,Keith Getty & Stuart Townend,-,4:10,https://www.youtube.com/embed/m_063OI38RQ?si=4KKXCnbLJBZ8hayL,Worship,Christian,English,Worshipful
Our God,Chris Tomlin,-,4:47,https://www.youtube.com/embed/lybYyxoGTgg?si=xYqX17hLmWb5bJ_t,Worship,Christian,English,Worshipful
Mighty to Save,Hillsong Worship,-,6:49,https://www.youtube.com/embed/GEAcs2B-kNc?si=DTDJ5vBDn2cY9Hk1,Worship,Christian,English,Worshipful
Blessed Be Your Name,Matt Redman,-,5:48,https://www.youtube.com/embed/tTpTQ4kBLxA?si=8DVPx5-rBXv9dPbb,Worship,Christian,English,Worshipful
Forever,Chris Tomlin,-,5:27,https://www.youtube.com/embed/d6xxWGWpaUQ?si=4bAoxN2qYhn2t7AK,Worship,Christian,English,Worshipful
Open the Eyes of My Heart,Paul Baloche,-,9:22,https://www.youtube.com/embed/ViBNqNukgzE?si=aYt_eQv5WPoLVKNN,Worship,Christian,English,Worshipful
"Lord, I Lift Your Name on High",Rick Founds,-,3:02,https://www.youtube.com/embed/lkeZkoaCte4?si=FmDdlF3jJvw0IcB-,Worship,Christian,English,Worshipful
The Heart of Worship,Matt Redman,-,5:23,https://www.youtube.com/embed/OD4tB1o6YLw?si=I60kwbjjKcFFiSl6,Worship,Christian,English,Worshipful
"Come, Now is the Time to Worship",Brian Doerksen,-,6.36,https://www.youtube.com/embed/i6guWKnmxYU?si=IavDIwyDyYE8EUG5,Worship,Christian,English,Worshipful
You Are My King (Amazing Love),Billy Foote,-,6:05,https://www.youtube.com/embed/TUCQbZImpJE?si=3Evw431PJuKibDx9,Worship,Christian,English,Worshipful
Revelation Song,Jennie Lee Riddle,-,5:34,https://www.youtube.com/embed/4cXQpD2g49g?si=OEbXzNu1OJkzUBbj,Worship,Christian,English,Worshipful
Jesus Messiah,Chris Tomlin,-,4:48,https://www.youtube.com/embed/tdxSC1tHJn0?si=1XIAofb50BMcISuc,Worship,Christian,English,Worshipful
Holy is the Lord,Chris Tomlin,-,4:12,https://www.youtube.com/embed/hVWBt8bfmCs?si=t86I46HkL5Que9db,Worship,Christian,English,Worshipful
From the Inside Out,-,Hillsong United,5:24,https://www.youtube.com/embed/F881DVFZr8g?si=BZGg3eDE7M1jrfe3,Worship,Christian,English,Worshipful
I Could Sing of Your Love Forever,Martin Smith,-,5:51,https://www.youtube.com/embed/u46_o40pxKc?si=Nq6fvBY5bxQwMl_l,Worship,Christian,English,Worshipful
The Stand,-,Hillsong United,7:02,https://www.youtube.com/embed/UbiErL_pc8M?si=GPqwn7xAtSu1kBqP,Worship,Christian,English,Worshipful
How He Loves,John Mark McMillan,-,4:37,https://www.youtube.com/embed/_HGRyxAfhZU?si=deTetdIBYSLZzCAi,Worship,Christian,English,Worshipful
Everlasting God,Chris Tomlin,-,4:23,https://www.youtube.com/embed/JSHRThrP1O0?si=lnaa8r2wgBzGDVt-,Worship,Christian,English,Worshipful
You Never Let Go,Matt Redman,-,4:41,https://www.youtube.com/embed/NM14VZVu0og?si=OZhSXi5kuSPc1Bx4,Worship,Christian,English,Worshipful
Cornerstone,,Hillsong Worship,3:28,https://www.youtube.com/embed/ZvotrMIdTQw?si=ybNSJStYgnSEK-7q,Worship,Christian,English,Worshipful
Build My Life,Pat Barrett,-,5:09,https://www.youtube.com/embed/Z32HiCoFzlU?si=DfrxEMdvkHJ2kSKT,Worship,Christian,English,Worshipful
Living Hope,Phil Wickham,-,5:32,https://www.youtube.com/embed/u-1fwZtKJSM?si=-MrvBpmPDNIyVro3,Worship,Christian,English,Worshipful
Good Good Father,Chris Tomlin,-,4:58,https://www.youtube.com/embed/CqybaIesbuA?si=oDrBnmeKVU-Pdisi,Worship,Christian,English,Worshipful
Great Are You Lord,-,All Sons & Daughters,4:54,https://www.youtube.com/embed/hpb02shcAis?si=oitXYD8R-Ud4fggK,Worship,Christian,English,Worshipful
O Come to the Altar,Elevation Worship,-,5:55,https://www.youtube.com/embed/rYQ5yXCc_CA?si=K9EikvxxvhOs8Avk,Worship,Christian,English,Worshipful
What a Beautiful Name,-,Hillsong Worship,5:43,https://www.youtube.com/embed/nQWFzMvCfLE?si=uyeuxVxs-SGDesUF,Worship,Christian,English,Worshipful
This is Amazing Grace,Phil Wickham,-,4:39,https://www.youtube.com/embed/XFRjr_x-yxU?si=ze_tkJzNF08_--Qq,Worship,Christian,English,Worshipful
Who You Say I Am,-,Hillsong Worship,5:35,https://www.youtube.com/embed/lKw6uqtGFfo?si=083YIWYhvbEfthQu,Worship,Christian,English,Worshipful
Lion and the Lamb,-,Leeland,4:44,https://www.youtube.com/embed/C9ujBoud26k?si=kVYknuQ0xOEMdkvF,Worship,Christian,English,Worshipful
O Praise the Name (Anástasis),-,Hillsong Worship,5:30,https://www.youtube.com/embed/LqBpifDpNKc?si=r8TFq7Lym2pIYa-T,Worship,Christian,English,Worshipful
King of My Heart,-,Bethel Music,6:31,https://www.youtube.com/embed/EpqSbKYxd9Y?si=otKcSLwMnGq6nI5p,Worship,Christian,English,Worshipful
No Longer Slaves,Jonathan David and Melissa Helser,-,6:10,https://www.youtube.com/embed/f8TkUMJtK5k?si=3PXBy5HFGNLXs8zE,Worship,Christian,English,Worshipful
Reckless Love,Cory Asbury,-,5:33,https://www.youtube.com/embed/Sc6SSHuZvQE?si=bfHX1Sr715VxHS5A,Worship,Christian,English,Worshipful
Way Maker,Sinach,-,5:06,https://www.youtube.com/embed/k28qCBwww0E?si=h7GujV4wLXSfOeTx,Worship,Christian,English,Worshipful
Raise a Hallelujah,-,Bethel Music,7:51,https://www.youtube.com/embed/G2XtRuPfaAU?si=aThp44CYGXZ3-LiZ,Worship,Christian,English,Worshipful
Tremble,-,Mosaic MSC,5:16,https://www.youtube.com/embed/dL_d2mbNZNA?si=hf8PH6Q9T4Scfx_u,Worship,Christian,English,Worshipful
Yes I Will,-,Vertical Worship,3:38,https://www.youtube.com/embed/ryFS_3eBq6s?si=O1JZBLnHMI-rwkz5,Worship,Christian,English,Worshipful
Do It Again,-,Elevation Worship,6:36,https://www.youtube.com/embed/0B_lnQIITxU?si=ocHwWhUpGxf9EOdy,Worship,Christian,English,Worshipful
Resurrecting,-,Elevation Worship,4:25,https://www.youtube.com/embed/aHGFNUlEZ8M?si=bI9_xTyHKGC4H7zF,Worship,Christian,English,Worshipful
Glorious Day,-,Passion,5:03,https://www.youtube.com/embed/LfzpfqrPUDo?si=ri6SCWqG3WykAq6_,Worship,Christian,English,Worshipful
So Will I (100 Billion X),-,Hillsong United,7:03,https://www.youtube.com/embed/GfVd5x9W1Xc?si=29ZPiZ6SNTBV5ga-,Worship,Christian,English,Worshipful
Goodness of God,-,Bethel Music,4:55,https://www.youtube.com/embed/IvSuGyJQ6oM?si=yOx8JAaCERIyOXVQ,Worship,Christian,English,Worshipful
Graves into Gardens,-,Elevation Worship,7:33,https://www.youtube.com/embed/KwX1f2gYKZ4?si=qbnWGwHKnt6_KBsS,Worship,Christian,English,Worshipful
See a Victory,-,Elevation Worship,6:04,https://www.youtube.com/embed/AI3VcChbPBY?si=LMx4c4eARUYnEE-E,Worship,Christian,English,Worshipful
The Blessing,Kari Jobe & Cody Carnes,-,11:05,https://www.youtube.com/embed/uZ55mDL7dA0?si=--E2or_wfjpxv9ID,Worship,Christian,English,Worshipful
Battle Belongs,Phil Wickham,-,4:46,https://www.youtube.com/embed/qtvQNzPHn-w?si=rW0lkzS5hSjQmLOm,Worship,Christian,English,Worshipful
House of the Lord,Phil Wickham,-,4:15,https://www.youtube.com/embed/h8uKldEUrPE?si=ObEjCFTPMAVpZE48,Worship,Christian,English,Worshipful
Same God,-,Elevation Worship,8:02,https://www.youtube.com/embed/LawxIZE9ePE?si=UoqVsW2Uk4MCfsR5,Worship,Christian,English,Worshipful
Thank You Jesus for the Blood,Charity Gayle,-,5:29,https://www.youtube.com/embed/Ve03Q4t9LHY?si=KIJmkhP28C1TFLIT,Worship,Christian,English,Worshipful
Fear is a Liar,Zach Williams,-,4:33,https://www.youtube.com/embed/1srs1YoTVzs?si=3UFoSoEoNl2KzVRF,Worship,Christian,English,Worshipful
Chain Breaker,Zach Williams,-,4:33,https://www.youtube.com/embed/JGYjKR69M6U?si=OApuAvCBRA4WaSBN,Worship,Christian,English,Worshipful
See You Again,Wiz Khalifa ft. Charlie Puth,-,3:58,https://www.youtube.com/embed/RgKAFK5djSk?si=rPaYxBuMU0TESFuk,Pop,Funeral,English,Sad
Someone Like You,Adele,-,4:45,https://www.youtube.com/embed/hLQl3WQQoQ0?si=HVKq5ZbR4ivMTadQ,Pop,Funeral,English,Sad
Fix You,-,Coldplay,4:54,https://www.youtube.com/embed/k4V3Mo61fJM?si=W_7WCjOlsuAKdajW,Pop,Funeral,English,Sad
Wake Me Up When September Ends,-,Green Day,7:13,https://www.youtube.com/embed/NU9JoFKlaZ0?si=vVMxpH8pCwk8QFkw,Pop,Funeral,English,Sad
ลืมไปหรือเปล่า,อะตอม ชนกันต์,-,3:39,https://www.youtube.com/embed/yv5ifcxKaXs?si=NdyLSwBQalso3A0d,Pop,Funeral,Thai,Sad
ความทรงจำ,เต้ วิทย์สรัช,-,3:58,https://www.youtube.com/embed/izQfVauyt1c?si=vmWJxIwDfldOEoTX,Pop,Funeral,Thai,Sad
Too Good at Goodbyes,Sam Smith,-,4:25,https://www.youtube.com/embed/J_ub7Etch2U?si=H6_jwPC4WCzzfh69,Pop,Funeral,English,Sad
Let Her Go,Passenger,-,4:15,https://www.youtube.com/embed/RBumgq5yVrA?si=VBhcquoAlvAl3Dbd,Pop,Funeral,English,Sad
All of Me,John Legend,-,5:08,https://www.youtube.com/embed/450p7goxZqg?si=1QMdexJ1MuOgxzf5,Pop,Funeral,English,Sad
Memories,-,Maroon 5,3:16,https://www.youtube.com/embed/SlPhMPnQ58k?si=2ssbMy53lSHoATv3,Pop,Funeral,English,Sad
The Dance,Garth Brooks,-,3:49,https://www.youtube.com/embed/6FHvP_Yv0wE?si=JIrElznAcQ7aZqCe,Country,Funeral,English,Sad
Tears in Heaven,Eric Clapton,-,4:35,https://www.youtube.com/embed/JxPj3GAYYZ0?si=s0WQ6Z-S_g811IY0,Rock,Funeral,English,Sad
In the arms of an angel,Sarah McLachlan,-,4:34,https://www.youtube.com/embed/1SiylvmFI_8?si=2JRjXMGnol_he6wi,Pop,Funeral,English,Sad
ฤดูที่แตกต่าง,บอย โกสิยพงษ์,-,4:42,https://www.youtube.com/embed/zwUmBsBy-vg?si=HsWpFnVFz_ogWqpp,Pop,Funeral,Thai,Sad
แสงสุดท้าย,-,Bodyslam,4:44,https://www.youtube.com/embed/SZ6p1Pe-2do?si=NsLnAYe-t-I52dF5,Rock,Funeral,Thai,Sad
คิดถึง,หรั่ง ร็อกเคสตร้า,-,4:34,https://www.youtube.com/embed/IatZP3NlUnY?si=sNwURGRSTU1doGTy,Rock,Funeral,Thai,Sad
ตลอดเวลา,พงษ์สิทธิ์ คำภีร์,-,3:42,https://www.youtube.com/embed/zdvlJRlamuk?si=iN-6w4v2AbXqxKLx,Folk,Funeral,Thai,Sad
My Way,Frank Sinatra,-,4:16,https://www.youtube.com/embed/w019MzRosmk?si=_iMt4bCgB0qLve52,Pop,Funeral,English,Sad
Wind Beneath My Wings,Bette Midler,-,4:19,https://www.youtube.com/embed/0iAzMRKFX3c?si=aHUdi4wlUPW801Ab,Pop,Funeral,English,Sad
Time to Say Goodbye,Sarah Brightman & Andrea Bocelli,-,4:07,https://www.youtube.com/embed/M3mdHmhI3cs?si=oEmlLhruwrEMc1gj,Classic,Funeral,English,Sad
Angels,Robbie Williams,-,3:56,https://www.youtube.com/embed/luwAMFcc2f8?si=zviWjrwQMCeqSkqk,Pop,Funeral,English,Sad
Over the Rainbow,Eva Cassidy,-,5:31,https://www.youtube.com/embed/2rd8VktT8xY?si=LDc5nOKHG3PIHfOY,Folk,Funeral,English,Sad
Hallelujah,Leonard Cohen,-,4:39,https://www.youtube.com/embed/ttEMYvpoR-k?si=fF2AjdPRHSZgtplj,Folk,Funeral,English,Sad
Highway to Hell,-,AC/DC,3:28,https://www.youtube.com/embed/l482T0yNkeo?si=WQFqMRb4tRvgajzQ,Rock,Funeral,English,Sad
ไม่อยู่ในชีวิตแต่อยู่ในหัวใจ,Lula,-,6:01,https://www.youtube.com/embed/m5UKkFFIeUk?si=tafNDyZtwMAOjrnx,Pop,Funeral,Thai,Sad
จดหมายถึงเธอ,-,BOYd-NOP,4:14,https://www.youtube.com/embed/WX7FsHcUfME?si=jECSZ7leEbhfWU4P,Pop,Funeral,Thai,Sad
โลกที่ไม่มีเธอ,Portrait,-,5:55,https://www.youtube.com/embed/Ov_m2EbgxUs?si=iepbJTZ6NAbM6LS9,Pop,Funeral,Thai,Sad
ฝันกลางวัน,ขนิษฐา,-,4:03,https://www.youtube.com/embed/IkPJsNEfsbE?si=lYCUhV40v2cS52WG,Pop,Funeral,Thai,Sad
ร่องรอย,-,Ewery,4:58,https://www.youtube.com/embed/xfz6ygnKodE?si=pVBMNu77nSo38MQb,Pop,Funeral,Thai,Sad
แด่เธอที่รัก,-,Klear,4:56,https://www.youtube.com/embed/izLHRA9k1jQ?si=GGSImrDmjAq2pNVg,Rock,Funeral,Thai,Sad
รักเธอทั้งหมดของหัวใจ,-,Pause,4:57,https://www.youtube.com/embed/r1L_MzeuEjk?si=Yk5l0Pt9tvdHJT01,Pop,Funeral,Thai,Sad
เธอจะอยู่กับฉันตลอดไป,-,Clash,4:45,https://www.youtube.com/embed/iUlTq0fZrLw?si=JFdCBTDrMNtajwp0,Rock,Funeral,Thai,Sad
แค่ได้คิดถึง,ญารินดา บุนนาค,-,4:08,https://www.youtube.com/embed/9JXm73C0DvI?si=ooJaAGI24pkJeBtO,Pop,Funeral,Thai,Sad
ตลอดไป,เล็ก สลาลม,-,5:52,https://www.youtube.com/embed/-sNU2nsK_8I?si=qdsGOppObtAdfVXg,Indie,Funeral,Thai,Sad
Part Time Musicians,The Haunted House,-,5:31,https://www.youtube.com/embed/0aAVzcHRJqc?si=XXu2OUBg7wmCFnAo,Indie,Funeral,English,Sad
Don't Fear the Reaper,-,Blue Öyster Cult,5:08,https://www.youtube.com/embed/Dy4HA3vUv2c?si=an6JGgxUfdI51gHp,Rock,Funeral,English,Sad
To Love Somebody,Bee Gees,-,3:02,https://www.youtube.com/embed/RQCT1f8IHK0?si=yW4RkK7fcX_hybp2,Pop,Funeral,English,Sad
Bridge Over Troubled Water,-,Simon & Garfunkel,4:54,https://www.youtube.com/embed/4G-YQA_bsOU?si=9KJzdKq7tayvfM01,Pop,Funeral,English,Sad
Candle in the Wind,Elton John,-,3:58,https://www.youtube.com/embed/OefdqK3jKi0?si=fvIN8oSMMGXomc38,Pop,Funeral,English,Sad
Knocking on Heaven's Door,Bob Dylan,-,2:32,https://www.youtube.com/embed/rm9coqlk8fY?si=BVZHMurX6l9zBwu_,Folk,Funeral,English,Sad
Everybody Hurts,-,R.E.M.,5:54,https://www.youtube.com/embed/5rOiW_xY-kc?si=4lXsU_KFGnbYTwwq,Alternative,Funeral,English,Sad
One Sweet Day,Mariah Carey & Boyz II Men,-,4:46,https://www.youtube.com/embed/UXxRyNvTPr8?si=NQdlgHIloR49Q5-E,R&B,Funeral,English,Sad
I'll Be Missing You,Puff Daddy & Faith Evans feat. 112,-,4:32,https://www.youtube.com/embed/NKMtZm2YuBE?si=yYw-R09J1RIWwpiI,Hip-Hop,Funeral,English,Sad
Gone Too Soon,Michael Jackson,-,3:39,https://www.youtube.com/embed/IcNamirwTaY?si=982Di1eKy4FEL0dD,Pop,Funeral,English,Sad
If I Die Young,-,The Band Perry,3:50,https://www.youtube.com/embed/7NJqUN9TClM?si=6f2OSzbBWus61IIp,Country,Funeral,English,Sad
Fire and Rain,James Taylor,-,3:25,https://www.youtube.com/embed/EbD7lfrsY2s?si=ckcLFi2yTRGinDsc,Folk,Funeral,English,Sad
Dance With My Father,Luther Vandross,-,4:20,https://www.youtube.com/embed/wmDxJrggie8?si=GhcXRRCq6lYGytbI,R&B,Funeral,English,Sad
Supermarket Flowers,Ed Sheeran,-,3:42,https://www.youtube.com/embed/bIB8EWqCPrQ?si=RDRUp1klJOchDwfG,Pop,Funeral,English,Sad
Jealous,Labrinth,-,4:47,https://www.youtube.com/embed/50VWOBi0VFs?si=dI_LAcDaYOUelbZs,Pop,Funeral,English,Sad
See You Soon,-,Coldplay,2:52,https://www.youtube.com/embed/xKT367sJzR8?si=m1loTMQhTjVp4ALO,Alternative,Funeral,English,Sad
Who You'd Be Today,-,Kenny Chesney,4:07,https://www.youtube.com/embed/2Ne3cz9eUsQ?si=1LJBt-A7jxI5hurG,Country,Funeral,English,Sad
Slipped Away,Avril Lavigne,-,3:35,https://www.youtube.com/embed/sh-MYtENchs?si=G7D03BV6vhhY1hXM,Pop,Funeral,English,Sad
Hear You Me,-,Jimmy Eat World,4:45,https://www.youtube.com/embed/fcmFH5OvdtA?si=jEawT86lS2ztMHwt,Alternative,Funeral,English,Sad
Gone Away,-,The Offspring,4:30,https://www.youtube.com/embed/40V9_1PMUGM?si=-ImEKcZ1EH_gud_T,Rock,Funeral,English,Sad
Wake Up Alone,Amy Winehouse,-,3:42,https://www.youtube.com/embed/bS8-qQojlhA?si=TnP5fyxXS4obd-z2,Jazz,Funeral,English,Sad
Blackbird,-,The Beatles,2:19,https://www.youtube.com/embed/Man4Xw8Xypo?si=vdAyjPTZ8wH4c9yC,Rock,Funeral,English,Sad
At Last,Etta James,,3:00,https://www.youtube.com/embed/1qJU8G7gR_g?si=PyDOonukL1izRIZf,Jazz,Luxury,English,Elegant
Fly Me to the Moon,Frank Sinatra,,2:28,https://www.youtube.com/embed/ZEcqHA7dbwM?si=MNOH9_E2wgM5lpb3,Jazz,Luxury,English,Elegant
What a Wonderful World,Louis Armstrong,,2:19,https://www.youtube.com/embed/rBrd_3VMC3c?si=UHcK_If8c5QjQppt,Jazz,Luxury,English,Elegant
Can't Help Falling in Love,Elvis Presley,,3:01,https://www.youtube.com/embed/vGJTaP6anOU?si=7deqE3NOsDoFrs7q,Pop,Luxury,English,Elegant
The Way You Look Tonight,Tony Bennett,,3:24,https://www.youtube.com/embed/DtqRked7GQM?si=-23eOKe4f5ac3zNp,Jazz,Luxury,English,Elegant
Unforgettable,Nat King Cole,,3:13,https://www.youtube.com/embed/vDN5rG3wLa4?si=2WKCshe3nVYv8-1_,Jazz,Luxury,English,Elegant
Sway,Dean Martin,,2:43,https://www.youtube.com/embed/J76ExFgg0Vs?si=7DLyuR5Y-S8aJqP_,Jazz,Luxury,English,Elegant
L-O-V-E,Nat King Cole,,2:33,https://www.youtube.com/embed/f_HmF84G7ZY?si=SzwyD0mJ_U4M-PO-,Jazz,Luxury,English,Elegant
Come Away with Me,Norah Jones,,3:15,https://www.youtube.com/embed/lbjZPFBD6JU?si=niT3r73Yk9O1GaZK,Jazz,Luxury,English,Elegant
Besame Mucho,Andrea Bocelli,,4:02,https://www.youtube.com/embed/g4M0hH1R2eU?si=_x2CPziesdExqCer,Classical,Luxury,Spanish,Elegant
La Vie En Rose,Édith Piaf,,3:09,https://www.youtube.com/embed/LUYvMOUW0gc?si=7Mkx1vLYS1PwDYJL,Chanson,Luxury,French,Elegant
Cheek to Cheek,Ella Fitzgerald & Louis Armstrong,,5:52,https://www.youtube.com/embed/20iOlPwz0J0?si=22zAlcPzOfxQHhK7,Jazz,Luxury,English,Elegant
Moon River,Andy Williams,,2:45,https://www.youtube.com/embed/L_jgIezosVA?si=nGLlhzDA7MAbBv1U,Pop,Luxury,English,Elegant
My Funny Valentine,Chet Baker,,2:17,https://www.youtube.com/embed/QuMzUXPEPRM?si=ZsSLiEJtGdPNZcM4,Jazz,Luxury,English,Elegant
Summertime,Ella Fitzgerald,,4:57,https://www.youtube.com/embed/2HJCN3upMHE?si=2j8zHcn9NN9UsSuo,Jazz,Luxury,English,Elegant
Feeling Good,Nina Simone,,3:03,https://www.youtube.com/embed/oHRNrgDIJfo?si=Bnp_N8-sh9UYegew,Jazz,Luxury,English,Elegant
Georgia on My Mind,Ray Charles,,3:38,https://www.youtube.com/embed/ggGzE5KfCio?si=dTaxfZ5qH_z5p4Ne,Jazz,Luxury,English,Elegant
Someone to Watch Over Me,Ella Fitzgerald,,3:18,https://www.youtube.com/embed/9kh4ffPyj-g?si=SwwbDzdZW4FvOarA,Jazz,Luxury,English,Elegant
I've Got You Under My Skin,Frank Sinatra,,3:47,https://www.youtube.com/embed/C1AHec7sfZ8?si=wbT2HOSklBrAsBGG,Jazz,Luxury,English,Elegant
Misty,Sarah Vaughan,,3:04,https://www.youtube.com/embed/ptdIiXjiqkw?si=GLSYQsqyDLOTMtI3,Jazz,Luxury,English,Elegant
Ave Maria,Franz Schubert,,3:34,https://www.youtube.com/embed/XpYGgtrMTYs?si=722c2_ACMPxugLNv,Classical,Luxury,German,Elegant
O Mio Babbino Caro,Giacomo Puccini,,2:08,https://www.youtube.com/embed/0Wlcr2bIKmk?si=hXECmu0b9VYd2iIV,Opera,Luxury,Italian,Elegant
Nessun Dorma,Giacomo Puccini,,3:01,https://www.youtube.com/embed/Uau48wh5CeI?si=I8aL_yH6yl28E7Ub,Opera,Luxury,Italian,Elegant
Time to Say Goodbye,Andrea Bocelli & Sarah Brightman,,4:07,https://www.youtube.com/embed/M3mdHmhI3cs?si=9dehSptwTrHc-gFv,Classical,Luxury,English,Elegant
Caruso,Luciano Pavarotti,,5:24,https://www.youtube.com/embed/Cp5kF94isS4?si=WLwiOaDGt8TWDaGC,Opera,Luxury,Italian,Elegant
Con te partirò,Andrea Bocelli,,4:01,https://www.youtube.com/embed/nVUHHW1tJYA?si=QLR6WZxy-__tGEo0,Classical,Luxury,Italian,Elegant
Por una Cabeza,Carlos Gardel,,2:26,https://www.youtube.com/embed/Gcxv7i02lXc?si=OS-dThaqSSgdnA4o,Tango,Luxury,Spanish,Elegant
Libertango,Astor Piazzolla,,2:45,https://www.youtube.com/embed/yvtpT1ARF1o?si=d8REjyC-knt_uIHT,Tango,Luxury,ETC.,Elegant
Oblivion,Astor Piazzolla,,3:36,https://www.youtube.com/embed/dF-IMQzd_Jo?si=M3PIgPuH2-yx76ws,Tango,Luxury,ETC.,Elegant
Historia de un Amor,Luis Miguel,,4:02,https://www.youtube.com/embed/kqObd2CcEKc?si=CzwPv6V_8uRTT6oj,Bolero,Luxury,Spanish,Elegant
Sabor a Mí,Eydie Gormé & Trio Los Panchos,,3:00,https://www.youtube.com/embed/aQCo3rczB-w?si=-znadQFX7C2DyG0u,Bolero,Luxury,Spanish,Elegant
Cuando calienta el sol,Luis Miguel,,4:39,https://www.youtube.com/embed/gTkJ-nP6pXY?si=PqurTnsbtyhSRVHw,Bolero,Luxury,Spanish,Elegant
The Look of Love,Diana Krall,,3:50,https://www.youtube.com/embed/Yr8xDSPjII8?si=cgreFC07pJY2dZkA,Jazz,Luxury,English,Elegant
I've Got a Crush on You,Linda Ronstadt,,3:30,https://www.youtube.com/embed/FZQJ3rc4GRM?si=x81lcpZpiH0LNdA0,Jazz,Luxury,English,Elegant
Fever,Peggy Lee,,4:16,https://www.youtube.com/embed/REryc1TpeY8?si=yQIYl586zsrvqjq3,Jazz,Luxury,English,Elegant
Ain't That a Kick in the Head,Dean Martin,,2:25,https://www.youtube.com/embed/1ERI1GoZ4NA?si=KqID9H1G-XGFtHiN,Swing,Luxury,English,Elegant
Beyond the Sea,Bobby Darin,,2:53,https://www.youtube.com/embed/Rc7_lCfbQP0?si=203-7kWpu4ICjx1Q,Swing,Luxury,English,Elegant
You Make Me Feel So Young,Frank Sinatra,,2:58,https://www.youtube.com/embed/8XuL5xSVL7s?si=EqF5T0egSGmDrj_E,Swing,Luxury,English,Elegant
It's Only a Paper Moon,Nat King Cole,,2:59,https://www.youtube.com/embed/IIQFJGru-xI?si=-Nz4V1SnMmpN0_k7,Jazz,Luxury,English,Elegant
Let’s Face the Music and Dance,Nat King Cole,,2:27,https://www.youtube.com/embed/KsefOgWryjE?si=6yN_w6cYKU_BgCW0,Swing,Luxury,English,Elegant
Pennies from Heaven,Billie Holiday,,3:15,https://www.youtube.com/embed/JxVXNWdHDq8?si=U7-kWIiOjmDYi2L-,Jazz,Luxury,English,Elegant
Chega de Saudade,João Gilberto,,3:20,https://www.youtube.com/embed/yUuJrpP0Mak?si=DbkDIcEFF4yNLpO_,Bossa Nova,Luxury,Portuguese,Elegant
Manhã de Carnaval,Luiz Bonfá,,2:28,https://www.youtube.com/embed/FNK-OaWhwGU?si=vaD4ugpZ6u0Lpalz,Bossa Nova,Luxury,Portuguese,Elegant
Felicidade,Antônio Carlos Jobim,,3:52,https://www.youtube.com/embed/sTi1AMyPWQE?si=zLHnSLQtRMeLHowE,Bossa Nova,Luxury,Portuguese,Elegant
C'est Magnifique,Cole Porter,,3:44,https://www.youtube.com/embed/FcStChI4uw4?si=OltOI3fvfwG2z-zZ,Jazz,Luxury,French,Elegant
Sous le ciel de Paris,Édith Piaf,,3:25,https://www.youtube.com/embed/SC06NyI6KKU?si=fDlLRgB_IT8R0o_-,Chanson,Luxury,French,Elegant
Padam Padam,Édith Piaf,,3:18,https://www.youtube.com/embed/xXqLj7X1WDU?si=in-U7VBXjGCeI3WS,Chanson,Luxury,French,Elegant
Hymne à l'amour,Édith Piaf,,3:25,https://www.youtube.com/embed/sgBldNsK-xw?si=sPk96uBgeJTeOIqD,Chanson,Luxury,French,Elegant
Milord,Édith Piaf,,4:31,https://www.youtube.com/embed/nZcdI1u_9o8?si=ARoVnGZuBAxHti3X,Chanson,Luxury,French,Elegant
I Say a Little Prayer,Aretha Franklin,,3:37,https://www.youtube.com/embed/-8y0onSG3kg?si=xVHh7PJPbqkpPh0J,Soul,Luxury,English,Elegant
Walk On By,Dionne Warwick,,2:59,https://www.youtube.com/embed/vsGsCvJWEo8?si=MCv_6B0Pi-DCWMGq,Soul,Luxury,English,Elegant
Let's Stay Together,Al Green,,3:20,https://www.youtube.com/embed/XXx6RDzR6eM?si=32TRj-jGIfGGTupg,Soul,Luxury,English,Elegant
Corcovado (Quiet Nights of Quiet Stars),Antônio Carlos Jobim,,2:45,https://www.youtube.com/embed/uU1mz6WburU?si=ylPoEGX4vAnqnWqH,Bossa Nova,Luxury,Portuguese,Elegant
Desafinado,Stan Getz & Charlie Byrd,,4:16,https://www.youtube.com/embed/tCMhuN3053o?si=i2l5T-idVyPBJpNI,Bossa Nova,Luxury,Portuguese,Elegant
Wave,Antônio Carlos Jobim,,2:57,https://www.youtube.com/embed/JGqzKmp_5Bg?si=hWy2rTthSAJ6ClQZ,Bossa Nova,Luxury,Portuguese,Elegant
Agua de Beber,Astrud Gilberto,,2:21,https://www.youtube.com/embed/qZx-Z3_n4t8?si=awZMt-nZ4BfB64YN,Bossa Nova,Luxury,Portuguese,Elegant
So Nice (Summer Samba),Marcos Valle,,2:32,https://www.youtube.com/embed/-sM-BxtS5jQ?si=RSwjkimbXbHpmF-r,Bossa Nova,Luxury,Portuguese,Elegant
Meditation,Antônio Carlos Jobim,,3:19,https://www.youtube.com/embed/HGLUgbxlsYA?si=q877KUMcLqNNwoG-,Bossa Nova,Luxury,Portuguese,Elegant
One Note Samba,Sérgio Mendes,,1:46,https://www.youtube.com/embed/UmO8PbwZrXA?si=KBw7ypYKkoI-wDbA,Bossa Nova,Luxury,Portuguese,Elegant
Dindi,Astrud Gilberto,,2:47,https://www.youtube.com/embed/Ix27PsFefLw?si=IbssF0vDYf8M8ZTm,Bossa Nova,Luxury,Portuguese,Elegant
How Insensitive,Antônio Carlos Jobim,,3:55,https://www.youtube.com/embed/5ppmTFXA30s?si=1V5JvEstSAMl1O9P,Bossa Nova,Luxury,Portuguese,Elegant
หนังสือรุ่น,ป้าง นครินทร์,-,4:22,https://www.youtube.com/embed/0s7LsfTsbU0?si=gtcE4r17gumPSxe4,Rock,Graduation party,Thai,Nostalgic
โชคดีนะเพื่อน,-,ไมโคร,4:23,https://www.youtube.com/embed/uAXyHBcmEhw?si=WPkDWAyNXJXWrDGx,Rock,Graduation party,Thai,Nostalgic
Take Care นะ,-,G-JR,3:57,https://www.youtube.com/embed/DhMe0j3ZaVA?si=M9Wrq1ZYnSRIiLuw,Pop,Graduation party,Thai,Nostalgic
ด้วยความปรารถนาดี,เอ๊ะ จิรากร,-,4:23,https://www.youtube.com/embed/Mf8c_bg7pwo?si=U-whtE9rlHObG8Ft,Pop,Graduation party,Thai,Nostalgic
จะได้ไม่ลืมกัน,เบิร์ด ธงไชย,-,3:55,https://www.youtube.com/embed/MWOdgjfB4ak?si=Pu7nMx3-s5WxBHvu,Pop,Graduation party,Thai,Nostalgic
ฉันจะจำเธอแบบนี้,โบ สุนิตา,-,4:55,https://www.youtube.com/embed/NPajX54XjBQ?si=UCrld6heQYe4MOi4,Pop,Graduation party,Thai,Nostalgic
รักเธอทุกวินาที,-,All Kamikaze,5:59,https://www.youtube.com/embed/JGEGUQ5hOtY?si=R5Wyh7gnfiRxUWWo,Pop,Graduation party,Thai,Nostalgic
เล่าสู่กันฟัง,เบิร์ด ธงไชย,-,4:22,https://www.youtube.com/embed/9SM2hywQIVo?si=aX1vwaNJh4iyXkwT,Pop,Graduation party,Thai,Nostalgic
จากตรงนี้ที่(เคย)สวยงาม,-,AYLA's,5:13,https://www.youtube.com/embed/nBBIuLUYa_w?si=uXEVRsqMseVdjmxA,Pop,Graduation party,Thai,Nostalgic
ลาก่อน,Yourmood,-,3:10,https://www.youtube.com/embed/TRrVrSznG7Y?si=5fcF8lzx1zYOlx8v,Pop,Graduation party,Thai,Nostalgic
ขอบคุณที่รักกัน,-,Potato,3:53,https://www.youtube.com/embed/TXsg-BDfnl4?si=iYXXd85P3jsei002,Pop,Graduation party,Thai,Nostalgic
เรายังรักกัน,-,LOSO,4:14,https://www.youtube.com/embed/s0PEtMHLYd8?si=avw9heOFpQ06y1N8,Rock,Graduation party,Thai,Nostalgic
เพื่อนสนิท,-,Endorphine,3:57,https://www.youtube.com/embed/fOMWjbuxsho?si=u92BRW4CnWZOqr5A,Pop,Graduation party,Thai,Nostalgic
เพื่อนชีวิต,เขียว คาราบาว,-,5:09,https://www.youtube.com/embed/PRhzk1I0QOQ?si=oNKSfjTEGc9C7aP9,Rock,Graduation party,Thai,Nostalgic
เพื่อนกันตลอดไป,โจ สูงเนิน,-,4:01,https://www.youtube.com/embed/MypQ-T0WXxA?si=ziSnmLIbkHFoIk25,Pop,Graduation party,Thai,Nostalgic
Time to Say Goodbye,Andrea Bocelli & Sarah Brightman,-,4:07,https://www.youtube.com/embed/M3mdHmhI3cs?si=uC3BrVv8PpTRc8_j,Classical ,Graduation party,Thai,Nostalgic
Goodbye My Friend,Linda Ronstadt,-,3:45,https://www.youtube.com/embed/xHqlMjWhlic?si=IbVF-3qTsLgbAj46,Rock,Graduation party,English,Nostalgic
Leaving on a Jet Plane,John Denver,-,3:41,https://www.youtube.com/embed/SneCkM0bJq0?si=0OOc9KqJSCDk2_35,Folk,Graduation party,English,Nostalgic
I Will Remember You,Sarah McLachlan,-,3:40,https://www.youtube.com/embed/nSz16ngdsG0?si=XL_-zHeGgr3ICLeW,Pop,Graduation party,English,Nostalgic
One More Day,-,Diamond Rio,3:35,https://www.youtube.com/embed/Xi8O7JdA4Sg?si=dKQlvIhxPonMiyup,Country,Graduation party,English,Nostalgic
"So Long, Farewell",-,The Sound of Music Cast,2:56,https://www.youtube.com/embed/7pIMIF12hRA?si=S53uxrAKkSLPFFxN,Musical,Graduation party,English,Nostalgic
Adieu,Soledad,-,3:57,https://www.youtube.com/embed/Gop3c55IaTA?si=w1xNf8tBwE95Jl76,Pop,Graduation party,French,Nostalgic
Mi Historia Entre Tus Dedos,Gianluca Grignani,-,5:07,https://www.youtube.com/embed/aHFAXW840uM?si=jHVlYgxJSWu64JB5,Pop,Graduation party,Spanish,Nostalgic
Adios A Media Voz,Julio Iglesias,-,3:34,https://www.youtube.com/embed/DXXIkZN_xcM?si=6C-Sss8G_iKHfr6C,Pop,Graduation party,Spanish,Nostalgic
Tears in Heaven,Eric Clapton,-,4:32,https://www.youtube.com/embed/VVqXLXMch9g?si=KU69BhAV57t9vTdr,Rock,Graduation party,English,Nostalgic
My Way,Frank Sinatra,-,4:37,https://www.youtube.com/embed/qQzdAsjWGPg?si=nilqfqP9j8f09Zlg,Jazz,Graduation party,English,Nostalgic
The Time of My Life,Bill Medley & Jennifer Warnes,-,4:45,https://www.youtube.com/embed/4BQLE_RrTSU?si=ophQm6otyZGF7uhh,Rock,Graduation party,English,Nostalgic
Don’t Stop Believin,-,Journey,4:11,https://www.youtube.com/embed/1k8craCGpgs?si=lkb7uAg97S3OySgO,Rock,Graduation party,English,Nostalgic
I Will Always Love You,Whitney Houston,-,4:34,https://www.youtube.com/embed/3JWTaaS7LdU?si=JTQGinlSR6olDY7j,Soul,Graduation party,English,Nostalgic
Somewhere Over the Rainbow,Israel Kamakawiwo'ole,-,3:48,https://www.youtube.com/embed/V1bFr2SWP1I?si=ECyub00X27ADdOs_,Pop,Graduation party,English,Nostalgic
Auf Wiedersehen,-,Seeed,3:51,https://www.youtube.com/embed/CipYQ8iedSY?si=q-hHjA86LweDBbj4,Reggae,Graduation party,German,Nostalgic
Zwei in einem Boot,-,Ich & Ich,5:22,https://www.youtube.com/embed/GASdZwevjMM?si=Lxp_z8SmH6-BftCP,Pop,Graduation party,German,Nostalgic
Viva La Vida,-,Coldplay,4:03,https://www.youtube.com/embed/dvgZkm1xWPE?si=FnDr4K4YeqKGYd3R,Rock,Graduation party,English,Nostalgic
Goodbye,-,Spice Girls,4:34,https://www.youtube.com/embed/eegDtyrSUZw?si=1_cOriFAUJGpbFcy,Pop,Graduation party,English,Nostalgic
El Reloj,Luis Miguel,-,3:02,https://www.youtube.com/embed/5-wpEXdshho?si=hQVYAlVO9EpTMu9y,Bolero,Graduation party,Spanish,Nostalgic
Endless Love,Diana Ross & Lionel Richie,-,4:26,https://www.youtube.com/embed/UsqDoz2Co4o?si=lEbnhZoN-aPzA4Cf,R&B,Graduation party,English,Nostalgic
The Best Is Yet to Come,Frank Sinatra,-,2:56,https://www.youtube.com/embed/mQIZ-Esbg_c?si=aCTVNa9Eg9ICTqRm,Jazz,Graduation party,English,Nostalgic
The Final Countdown,-,Europe,4:57,https://www.youtube.com/embed/9jK-NcRmVcw?si=GIqTW6cZ3XwpWwSg,Rock,Graduation party,English,Nostalgic
I Don’t Want to Miss a Thing,-,Aerosmith,4:53,https://www.youtube.com/embed/JkK8g6FMEXE?si=3gwPRrI7YXsHzu4K,Rock,Graduation party,English,Nostalgic
We'll Meet Again,Vera Lynn,-,3:01,https://www.youtube.com/embed/2a7_yCxMgZc?si=Ikcp6VAh8wgv8vfp,Pop,Graduation party,English,Nostalgic
Hernando’s Hideaway,Archie Bleyer,-,2:34,https://www.youtube.com/embed/76Ozl2xZDpU?si=GXlKlD4d1ZNGsxZ8,Pop,Graduation party,English,Nostalgic
Goodbye Stranger,-,Supertramp,5:49,https://www.youtube.com/embed/pJPMesAnsU8?si=Rb62H4y7_IhNiX6a,Rock,Graduation party,English,Nostalgic
Time Is On My Side,-,The Rolling Stones,3:02,https://www.youtube.com/embed/jOxHsuV83KA?si=FtDsKiHYz7nThrQ4,Rock,Graduation party,English,Nostalgic
I’ve Had The Time of My Life,Bill Medley & Jennifer Warnes,-,4:45,https://www.youtube.com/embed/4BQLE_RrTSU?si=-HS-nvMEl3lJe_uQ,Rock,Graduation party,English,Nostalgic
Goodbye to You,Michelle Branch,-,4:12,https://www.youtube.com/embed/KN0wf4PPn-Q?si=epQ_T8NuVR9yLf6K,Rock,Graduation party,English,Nostalgic
Never Can Say Goodbye,Gloria Gaynor,-,3:37,https://www.youtube.com/embed/vQn4fFd8p-8?si=LCTJAehv7EGhnRht,Disco,Graduation party,English,Nostalgic
Say Something,-,A Great Big World ft. Christina Aguilera,3:52,https://www.youtube.com/embed/-2U0Ivkn2Ds?si=DGrH20NcO-UTIpGg,Pop,Graduation party,English,Nostalgic
Santa Tell Me,Ariana Grande,-,5:40,https://www.youtube.com/embed/nlR0MkrRklg?si=cvSVS6PgVr84ihLG,Pop,Christmas party,English,Celebratory
Do They Know It's Christmas?,-,Band Aid,4:50,https://www.youtube.com/embed/-w7jyVHocTk?si=-A3t4ucJ0LFSHPFe,Pop,Christmas party,English,Celebratory
Happy Xmas (War Is Over),John Lennon & Yoko Ono,-,3:36,https://www.youtube.com/embed/flA5ndOyZbI?si=BVFQnElBuJXCtxHK,Pop,Christmas party,English,Celebratory
Wonderful Christmastime,Paul McCartney,-,3:47,https://www.youtube.com/embed/94Ye-3C1FC8?si=9p8rSLQB1y1lMTD4,Pop,Christmas party,English,Celebratory
Mistletoe,Justin Bieber,-,3:04,https://www.youtube.com/embed/LUjn3RpkcKY?si=JY0JyFiGOqMZ4D6l,Pop,Christmas party,English,Celebratory
Let It Snow! Let It Snow! Let It Snow!,Dean Martin,-,1:57,https://www.youtube.com/embed/2TA3IKH8Y5c?si=vayUWgwpLmDHgP-T,Jazz,Christmas party,English,Celebratory
Holly Jolly Christmas,Burl Ives,-,2:19,https://www.youtube.com/embed/2uZnbzTG1jY?si=Fl-YK_mc2dEKMv9E,Country,Christmas party,English,Celebratory
Carol of the Bells,-,Pentatonix,4:11,https://www.youtube.com/embed/WSUFzC6_fp8?si=xaXi3vjco_plRpr3,Opera,Christmas party,English,Celebratory
Silver Bells,Bing Crosby & Carol Richards,-,3:03,https://www.youtube.com/embed/bBFHUyVAch4?si=KFrm-H2WOUP0Akbq,Pop,Christmas party,English,Celebratory
Christmas (Baby Please Come Home),Darlene Love,-,2:45,https://www.youtube.com/embed/4EvZOXEoJ84?si=x3ez9jgZxVmLweJH,Pop,Christmas party,English,Celebratory
Underneath the Tree,Kelly Clarkson,-,3:51,https://www.youtube.com/embed/YfF10ow4YEo?si=Wl0BCRn1Ibm2zsar,Pop,Christmas party,English,Celebratory
The Christmas Song (Chestnuts Roasting on an Open Fire),Nat King Cole,-,3:31,https://www.youtube.com/embed/F1itSKJLWQY?si=EmfRiipPQarT96Bt,Jazz,Christmas party,English,Celebratory
White Christmas,Michael Bublé,-,3:39,https://www.youtube.com/embed/30TkClWvT5k?si=fLjyMhEzWle9dKU9,Jazz,Christmas party,English,Celebratory
O Holy Night,Celine Dion,-,5:24,https://www.youtube.com/embed/RsWUWzai8P8?si=RC8Q7JjXBLMhehOq,Pop,Christmas party,English,Celebratory
Petit Papa Noël,Tino Rossi,-,3:12,https://www.youtube.com/embed/NPwUJDtvxJA?si=4TFUNHz7mzb_9pfQ,Chanson,Christmas party,French,Celebratory
"Stille Nacht, heilige Nacht (Silent Night",Bing Crosby,-,2:37,https://www.youtube.com/embed/9p97sxREC00?si=e2UViK0G9_UBGp4F,Carol,Christmas party,German,Celebratory
Tu scendi dalle stelle,Luciano Pavarotti,-,3:01,https://www.youtube.com/embed/KNf8cin_kYo?si=WpfFh_mIpBnT41CE,Carol,Christmas party,ETC.,Celebratory
O Tannenbaum,Nat King Cole,-,3:00,https://www.youtube.com/embed/9l_3ZOS9P34?si=kASirg-h9WaWwcra,Carol,Christmas party,German,Celebratory
Noche de Paz (Silent Night),Andrea Bocelli,-,4:35,https://www.youtube.com/embed/HR1wvwm9mLE?si=ismx6L45cCo_nBIo,Carol,Christmas party,Spanish,Celebratory
Joulupuu on rakennettu,Suvi Teräsniska,-,1:39,https://www.youtube.com/embed/KIP77CdXmBE?si=nrGw6dne35sxFdDB,Carol,Christmas party,ETC.,Celebratory
"Glade Jul, dejlige Jul (Silent Night)",Oslo Gospel Choir,-,5:43,https://www.youtube.com/embed/Eyrtzt-JZoI?si=C3gu9Zf-XIH1LSj3,Carol,Christmas party,ETC.,Celebratory
Hacia Belén va una burra,Plácido Domingo,-,1:33,https://www.youtube.com/embed/pPmqcezOY5g?si=B6TWcIBDye_6eJU2,Carol,Christmas party,Spanish,Celebratory
Les Anges dans nos campagnes (Angels We Have Heard on High),-,Christendom College Choir & Schola Gregoriana,2:30,https://www.youtube.com/embed/WHWqj6gKS9g?si=OXV8v3ttnN5SmOat,Carol,Christmas party,French,Celebratory
Cicha noc (Silent Night),-,GOLEC uORKIESTRA,4:26,https://www.youtube.com/embed/UAsg2SSR8Lc?si=GOr-FTBczEsdmJFM,Carol,Christmas party,ETC.,Celebratory
Campana sobre campana,Rafael,-,1:06,https://www.youtube.com/embed/VnLd1R-GKEY?si=vePncJFSKn05H6nX,Carol,Christmas party,Spanish,Celebratory
"Jul, jul, strålande jul",Sissel Kyrkjebø,-,4:04,https://www.youtube.com/embed/3RyTCGCTxoA?si=oxFc5UUUQHmTY4mO,Carol,Christmas party,ETC.,Celebratory
Astro del Ciel (Silent Night),Andrea Bocelli,-,4:33,https://www.youtube.com/embed/JIjMwWp0gEw?si=17vdUV3aCcXO8MWp,Carol,Christmas party,ETC.,Celebratory
"Douce nuit, sainte nuit (Silent Night)",Céline Dion,-,3:01,https://www.youtube.com/embed/aBB3cPR9opc?si=U0GPpVDnyMfl2tYY,ฺBallad,Christmas party,French,Celebratory
Merry Christmas Mr. Lawrence,Ryuichi Sakamoto,-,4:49,https://www.youtube.com/embed/1OZDaRhHHyM?si=h1T8uAHJxATexiTp,ฺBallad,Christmas party,Instrumental,Celebratory
Deck the Halls,Nat King Cole,-,1:09,https://www.youtube.com/embed/kORRidv-p0Y?si=anud-1ZHJzbA3cJK,Carol,Christmas party,English,Celebratory
O du fröhliche,Helene Fischer,-,3:34,https://www.youtube.com/embed/-gBtW4GhF3Y?si=97DsCbXByX3CJLKG,Carol,Christmas party,German,Celebratory
Vive le vent,Dalida,-,2:32,https://www.youtube.com/embed/J8k3Onc2v_8?si=z-lpxgI9KUfdhaUo,Carol,Christmas party,French,Celebratory
Dobryi vechir tobi,Ruslana,-,3:23,https://www.youtube.com/embed/ZWzQ67FQeEQ?si=jXi1L12H5_G4S688,Carol,Christmas party,ETC.,Celebratory
S'Agapo,Eleni Foureira,-,3:01,https://www.youtube.com/embed/VjMQCnZMBQY?si=0WT0YO3tp2CIfAr5,Pop,Christmas party,ETC.,Celebratory
Tänd ett ljus,-,Triad,4:12,https://www.youtube.com/embed/w-Fw484lBeA?si=jWCdRNWqGnz3cQ-2,Pop,Christmas party,ETC.,Celebratory
Holz,-,257ers,3:34,https://www.youtube.com/embed/wjXUBG15eZ8?si=_o5zKim9C1bUU-tK,Hip Hop,Christmas party,German,Celebratory
Na božično noč,-,Pop Design,4:08,https://www.youtube.com/embed/W0jC2byyCPQ?si=3j-2c0q_Sj6xAuce,Pop,Christmas party,ETC.,Celebratory
Jul Det' Cool,MC Einar,-,5:20,https://www.youtube.com/embed/FuyKWtF5aqU?si=RsKmHPJdpSLJmQyP,Hip Hop,Christmas party,ETC.,Celebratory
Buon Natale,Raffaella Carrà,-,3:38,https://www.youtube.com/embed/WvWV7lyQ0Z4?si=gV1LA51YjGAqt7G8,Pop,Christmas party,ETC.,Celebratory
Christmas Eve,Tatsuro Yamashita,-,6:08,https://www.youtube.com/embed/PRwDWbyULuU?si=SAAUlrwglGxqpY59,Pop,Christmas party,Japanese,Celebratory
"Fum, Fum, Fum",-,The Tabernacle Choir,1:38,https://www.youtube.com/embed/g1KcdE_kaek?si=eCg_e2dz-ORQDWpZ,Carol,Christmas party,ETC.,Celebratory
Curoo Curoo (The Carol of the Birds),-,Celtic Woman,2:51,https://www.youtube.com/embed/GsFUyq3R004?si=yVCwaNOPOWjiJbKo,Carol,Christmas party,ETC.,Celebratory
Rudolph the Red-Nosed Reindeer,Gene Autry,-,3:09,https://www.youtube.com/embed/44bL90HP0Ys?si=37uFm2a57ZpdxTiO,Carol,Christmas party,English,Celebratory
ทุกวันคือวันคริสต์มาส,Poppy Panadda,-,4:04,https://www.youtube.com/embed/9JOFF1afQx8?si=a7mCXdc1GUqGhj3R,Pop,Christmas party,Thai,Celebratory
Gong Xi Gong Xi (恭喜恭喜),Traditional,-,2:59,https://www.youtube.com/embed/INKsLDB4-EQ?si=AKzY_GusOWMT8tqR,Traditional,Chinese New Year,Chinese,Celebratory
Xin Nian Hao (新年好),Traditional,-,1:49,https://www.youtube.com/embed/hehIsy2a8zA?si=MfsYEeVFYY231Ynd,Traditional,Chinese New Year,Chinese,Celebratory
Cai Shen Dao (财神到),Sam Hui,-,3:20,https://www.youtube.com/embed/V3ZrlIlUAa4?si=Q2E1ax2csiI7mUM4,Pop,Chinese New Year,Chinese,Celebratory
Kung Hei Fat Choy (恭喜发财),Andy Lau,-,3:29,https://www.youtube.com/embed/MZLBxuvd7UU?si=F2belYar6eSGDbzn,Pop,Chinese New Year,Chinese,Celebratory
Xin Nian Kuai Le (新年快乐),Jacky Cheung,-,3:36,https://www.youtube.com/embed/Fmd0O4kMLdA?si=nLJJ2fUQwtdmBCFL,Pop,Chinese New Year,Chinese,Celebratory
Cai Yuan Gun Gun (财源滚滚),Wakin Chau,-,2:54,https://www.youtube.com/embed/PEg9vAOArTQ?si=jRTKFOmqodyw4lzY,Pop,Chinese New Year,Chinese,Celebratory
Gong Xi Fa Cai (恭喜发财),Jay Chou,-,3:26,https://www.youtube.com/embed/b4SRZurGg1c?si=T01qi_vgLwtqkafV,Pop,Chinese New Year,Chinese,Celebratory
Da Tuan Yuan (大团圆),-,Astro,4:00,https://www.youtube.com/embed/pJm7CyWWgfg?si=qN2-9O-3uxQWu7Eq,Pop,Chinese New Year,Chinese,Celebratory
Xi Qi Yang Yang (喜气洋洋),A-Mei,-,3:09,https://www.youtube.com/embed/BAWomIWlTlg?si=P5BJc_cXEFLUzlux,Pop,Chinese New Year,Chinese,Celebratory
Heng Ah (好运来),Lin Yu Zhong,-,4:56,https://www.youtube.com/embed/xifnA8xflxU?si=hKahrZmJK94bKiY6,Pop,Chinese New Year,Chinese,Celebratory
Lucky Star,Faye Wong,-,4:15,https://www.youtube.com/embed/DptpflDKMS0?si=ee7maBsuFATiexbx,Pop,Chinese New Year,Chinese,Celebratory
Cúnzài (存在),Wang Feng,-,5:05,https://www.youtube.com/embed/MrHZTfwiK0o?si=IPdrpBLPdGwl0ZOG,Rock,Chinese New Year,Chinese,Celebratory
Chūntiān Lǐ (春天里),Wang Feng,-,4:44,https://www.youtube.com/embed/ZZO7LqbpJFE?si=Tu6IIGjO5tRYLgyU,Rock,Chinese New Year,Chinese,Celebratory
Běijīng Běijīng (北京北京),Wang Feng,-,5:59,https://www.youtube.com/embed/tFrlQqjwYvk?si=8nWLOE64i12jYhcR,Rock,Chinese New Year,Chinese,Celebratory
Huāfáng Gūniang (花房姑娘),Cui Jian,-,4:55,https://www.youtube.com/embed/u7-jezIeduU?si=uocEIgyXkXrxzXau,Rock,Chinese New Year,Chinese,Celebratory
Yī Wú Suǒ Yǒu (一无所有),Cui Jian,-,5:44,https://www.youtube.com/embed/j_0FWz44B3c?si=C5e3AXcEH4ChTyXl,Rock,Chinese New Year,Chinese,Celebratory
Jiǎ Xíngsēng (假行僧),Cui Jian,-,5:01,https://www.youtube.com/embed/H7rTo0SzuZA?si=2WKZqc-3tLVtv6Uj,Rock,Chinese New Year,Chinese,Celebratory
Lán Liánhuā (蓝莲花),Xu Wei,-,4:32,https://www.youtube.com/embed/fcKnxcjWj60?si=11p5ije_YBH-V5F-,Rock,Chinese New Year,Chinese,Celebratory
Céngjīng de Nǐ (曾经的你),Xu Wei,-,4:22,https://www.youtube.com/embed/AhZ-l6AXWcg?si=wc9k8R2zyIxAf2GE,Rock,Chinese New Year,Chinese,Celebratory
Píngfán zhī Lù (平凡之路),Pǔ Shù,-,5:03,https://www.youtube.com/embed/NjTT5_RSkw4?si=Yud136cIdTo4XT4a,Pop,Chinese New Year,Chinese,Celebratory
Tian Mi Mi (甜蜜蜜),Teresa Teng,-,3:30,https://www.youtube.com/embed/OMVlGjmppeY?si=vCJHF-g79Wd7VQyh,Pop,Chinese New Year,Chinese,Celebratory
Yue Liang Dai Biao Wo De Xin (月亮代表我的心),Teresa Teng,-,3:27,https://www.youtube.com/embed/1mKR0Hml-9s?si=nbN5XyzOpWXMNngR,Pop,Chinese New Year,Chinese,Celebratory
Shanghai Tan (上海滩),Frances Yip,-,3:14,https://www.youtube.com/embed/0TMQGP_XQlA?si=uGCjaZrFwvrAZb_3,Folk,Chinese New Year,Chinese,Celebratory
Hai Kuo Tian Kong (海阔天空),-,Beyond,5:18,https://www.youtube.com/embed/qu_FSptjRic?si=vPQ6fkbibdyTVHpB,Rock,Chinese New Year,Chinese,Celebratory
Guang Hui Sui Yue (光辉岁月),-,Beyond,4:58,https://www.youtube.com/embed/5hzl3uWOKWU?si=-K6B0q17B2lbpnrx,Rock,Chinese New Year,Chinese,Celebratory
Xiao Fang (小芳),Li Chunbo,-,4:15,https://www.youtube.com/embed/m7PAyvj29Dk?si=eeL_EyKDMOiNBSzL,Folk,Chinese New Year,Chinese,Celebratory
Peng You (朋友),Wakin Chau,-,4:39,https://www.youtube.com/embed/6lbPgfKK7m4?si=cap1TvW6C1H-81y6,Pop,Chinese New Year,Chinese,Celebratory
Yi Jian Mei (一剪梅),Fei Yu-Ching,-,3:54,https://www.youtube.com/embed/AjitR7RZEQU?si=TH-husUry0NXtIKk,Folk,Chinese New Year,Chinese,Celebratory
Tong Hua (童话),Michael Wong ,-,4:06,https://www.youtube.com/embed/IBTmypxD2mU?si=_ZxaghrfknIbmmej,Pop,Chinese New Year,Chinese,Celebratory
Shui Shou (水手),Zheng Zhihua,-,4:53,https://www.youtube.com/embed/P1JUS4emI2s?si=728RG0ky6kVcDzpP,Folk,Chinese New Year,Chinese,Celebratory
Gū Yǒng Zhě (孤勇者),Eason Chan,-,4:33,https://www.youtube.com/embed/Hlp8XD0R5qo?si=CqlUrzx9w09zCSYH,Pop,Chinese New Year,Chinese,Celebratory
Xiao Cheng Gu Shi (小城故事),Teresa Teng,-,2:37,https://www.youtube.com/embed/n-jHlCu0k2I?si=m6uwqKKdZNVXcQFa,Folk,Chinese New Year,Chinese,Celebratory
Mojito,Jay Chou,-,3:09,https://www.youtube.com/embed/-biOGdYiF-I?si=wPwrShpHqn22DHRj,Pop,Chinese New Year,Chinese,Celebratory
Bu Neng Shuo De Mi Mi (不能说的秘密),Jay Chou,-,5:36,https://www.youtube.com/embed/uIWypArI73w?si=r5rpGVQ23Xd-wniX,Pop,Chinese New Year,Chinese,Celebratory
Xiao Xing Yun (小幸运),Hebe Tien,-,4:26,https://www.youtube.com/embed/YD9r_tTtlaA?si=BHn1ZkRph2P0OJap,Pop,Chinese New Year,Chinese,Celebratory
Xue Rong Hua (雪绒花),Mao Buyi,-,2:31,https://www.youtube.com/embed/bp7mtRYkHPk?si=QwMHBUCpHanyi7K3,Folk,Chinese New Year,Chinese,Celebratory
Xiao Chou (小丑),Mao Buyi,-,3:20,https://www.youtube.com/embed/OeZ_OdTEMR4?si=sEP74Fe2eB6hIaqt,Folk,Chinese New Year,Chinese,Celebratory
Bu Jiang Jiu (不将就),Li Ronghao,-,5:09,https://www.youtube.com/embed/TuiL681_ifo?si=3eoniZaMEq9_fuQa,Pop,Chinese New Year,Chinese,Celebratory
Ni Hao Bu Hao (你好不好),Eric Chou,-,4:42,https://www.youtube.com/embed/ZxEiomEUj14?si=Loq23_6s5eI_mTIM,Pop,Chinese New Year,Chinese,Celebratory
Yong Yuan De Yuan Ding (永远的原点),Wang Leehom,-,4:55,https://www.youtube.com/embed/W3g0H5FsVY0?si=Zfg36qdKNt8IS89C,Pop,Chinese New Year,Chinese,Celebratory
Feng Qi Tian Lan (风起天阑),HITA,-,5:29,https://www.youtube.com/embed/5mcmMRxMloo?si=35_nTzEr6_5DVSjB,Folk,Chinese New Year,Chinese,Celebratory
Hua Hai (花海),Jay Chou,-,4:24,https://www.youtube.com/embed/q1ww6bDjfiI?si=c9xGPgKmuZfYl3v3,Pop,Chinese New Year,Chinese,Celebratory
Shan He Tu (山河图),Zhang Yixing,-,3:47,https://www.youtube.com/embed/oUI4AfKhmOc?si=sTVqVrUcC6pOR5_V,Pop,Chinese New Year,Chinese,Celebratory
Qian Nian Deng Yi Hui (千年等一回),Gao Shengmei,-,3:39,https://www.youtube.com/embed/GQxZkFWTYhg?si=H3rIkh1rDVNbztAi,Pop,Chinese New Year,Chinese,Celebratory
Bu Bu Jing Xin (步步惊心),Liu Shishi & Nicky Wu,-,4:50,https://www.youtube.com/embed/R9B3Rddrqt0?si=nODM-buuiK5zfIBV,Pop,Chinese New Year,Chinese,Celebratory
Hua Xi Sha (画心),Jane Zhang,-,4:26,https://www.youtube.com/embed/KXcdWoSMklM?si=i_1VJt3PmWnP7AQx,Pop,Chinese New Year,Chinese,Celebratory
Qing Hua Ci (青花瓷),Jay Chou,-,4:04,https://www.youtube.com/embed/Z8Mqw0b9ADs?si=tou4quLNxlJFMU68,Pop,Chinese New Year,Chinese,Celebratory
Ju Hua Tai (菊花台),Jay Chou,-,4:56,https://www.youtube.com/embed/PdjbRvvJAzg?si=3ntE_74r8WOCwWg4,Pop,Chinese New Year,Chinese,Celebratory
Mo Li Hua (茉莉花),Song Zuying,-,4:39,https://www.youtube.com/embed/y7hdZ5rYd2E?si=8vpeFBkGqJeK80ln,Pop,Chinese New Year,Chinese,Celebratory
Tian Xia (天下),Zhang Jie,-,3:40,https://www.youtube.com/embed/2Eba3bd1AYk?si=2BQbYh3b1JelF97z,Pop,Chinese New Year,Chinese,Celebratory
Thriller,Michael Jackson,-,5:58,https://www.youtube.com/embed/rLMr9CsJHME?si=qH8vF0hZ0YADRqD4,Pop,Halloween party,English,Spooky
This Is Halloween,Danny Elfman,-,3:20,https://www.youtube.com/embed/OBeVDXx1bIQ?si=AsKQ-2KVpXbZVygQ,Soundtrack,Halloween party,English,Spooky
Monster Mash,"Bobby ""Boris"" Pickett",-,3:15,https://www.youtube.com/embed/tsPdVsIXqzU?si=pzakR5FgiY-V4dIN,Novelty,Halloween party,English,Spooky
Somebody’s Watching Me,Rockwell,-,3:36,https://www.youtube.com/embed/7YvAYIJSSZY?si=jqLkPUE1oxUraJZ0,Pop,Halloween party,English,Spooky
Ghostbusters,Ray Parker Jr.,-,4:06,https://www.youtube.com/embed/TaV1r341wYk?si=ICGK3C6CtEu-tPOZ,Soundtrack,Halloween party,English,Spooky
Spooky Scary Skeletons,Andrew Gold,-,2:09,https://www.youtube.com/embed/v45YO1zepHg?si=LY1ckD4MxlCboah6,Novelty,Halloween party,English,Spooky
Disturbia,Rihanna,-,4:22,https://www.youtube.com/embed/E1mU6h4Xdxc?si=2xPZ0tcrIgI2Cwf-,Pop,Halloween party,English,Spooky
Bury a Friend,Billie Eilish,-,3:14,https://www.youtube.com/embed/mveSunIhTZY?si=T0C4tbZ3JkeRqN8I,Alternative,Halloween party,English,Spooky
红衣女孩 (Hóng Yī Nǚhái),Jolin Tsai,-,4:58,https://www.youtube.com/embed/OtDmefdf6es?si=LZcdzvla-FqGOGEy,Pop,Halloween party,Chinese,Spooky
Psycho Circus,-,KISS,4:51,https://www.youtube.com/embed/vB19UKIWeHw?si=I-ZZ2S5UMcRQYZ8J,Rock,Halloween party,English,Spooky
Highway to Hell,-,AC/DC,3:28,https://www.youtube.com/embed/l482T0yNkeo?si=8NEpthX1XsGVRnOF,Rock,Halloween party,English,Spooky
Superstition,Stevie Wonder,-,4:27,https://www.youtube.com/embed/ftdZ363R9kQ?si=92RncOEx1MT9CcUG,Funk,Halloween party,English,Spooky
I Put a Spell on You,Screamin' Jay Hawkins,-,2:28,https://www.youtube.com/embed/82cdnAUvsw8?si=TQZBeI0N_AOI-d_N,Soul,Halloween party,English,Spooky
Black Magic Woman,-,Fleetwood Mac,2:53,https://www.youtube.com/embed/7eANGHVQS9Q?si=BNMnwItnn2sPFanH,Rock,Halloween party,English,Spooky
Zombie,-,The Cranberries,5:08,https://www.youtube.com/embed/6Ejga4kJUts?si=AIHAx6nuAjWkdbMp,Alternative ,Halloween party,English,Spooky
Nightmare,-,Avenged Sevenfold,6:16,https://www.youtube.com/embed/94bGzWyHbu0?si=g785vbfyxvS3QGX4,Metal,Halloween party,English,Spooky
Dragula,Rob Zombie,-,3:48,https://www.youtube.com/embed/EqQuihD0hoI?si=KxvOztZjrQS4TCes,Metal,Halloween party,English,Spooky
Pet Sematary,-,Ramones,3:31,https://www.youtube.com/embed/aUQR7s58v_o?si=GXAicd2GNjepz6gw,Rock,Halloween party,English,Spooky
Werewolves of London,Warren Zevon,-,3:30,https://www.youtube.com/embed/c6M89iDabwM?si=RF9idYS8hECro7xX,Rock,Halloween party,English,Spooky
Halloween,-,Misfits,1:47,https://www.youtube.com/embed/Ezuk-v9q_80?si=5H0bvITYzqJ8iA7l,Punk,Halloween party,English,Spooky
人鬼情未了 (Rén Guǐ Qíng Wèiliǎo),Jacky Cheung (张学友),-,5:06,https://www.youtube.com/embed/fEBSmB2WtDQ?si=gGAuHqxCiJb-AYQG,Pop,Halloween party,Chinese,Spooky
บาปบริสุทธิ์,คาราบาว,-,4:13,https://www.youtube.com/embed/T6smQkMTn68?si=zDh1Kp4PySo2u38S,Rock,Halloween party,Thai,Spooky
Feed My Frankenstein,Alice Cooper,-,4:22,https://www.youtube.com/embed/NO2cHJmDkBg?si=ZKL63Ns8TghmqsET,Rock,Halloween party,English,Spooky
魔鬼中的天使 (Móguǐ Zhōng de Tiānshǐ),Hebe Tien (田馥甄),-,4:14,https://www.youtube.com/embed/na_xv5iFt2Y?si=rFBVvuFEpfhBK2YT,Pop,Halloween party,Chinese,Spooky
วิญญาณในภาพถ่าย,ทิวา เด่นประภา ,-,3:15,https://www.youtube.com/embed/m5AMuAm03Mg?si=n-AVoGdWi2qjiP3V,Pop,Halloween party,Thai,Spooky
Vampires,-,Godsmack,3:48,https://www.youtube.com/embed/Tm_-nooZQRY?si=pJHoQfRIkF0uBNUR,Metal,Halloween party,English,Spooky
Sympathy for the Devil,-,The Rolling Stones,6:23,https://www.youtube.com/embed/GgnClrx8N2k?si=3wGa6DHQHK70bA3T,Rock,Halloween party,English,Spooky
Season of the Witch,Donovan,-,4:58,https://www.youtube.com/embed/GU35oCHGhJ0?si=iFUAPepqIPi_y5k3,Rock,Halloween party,English,Spooky
House of 1000 Corpses,Rob Zombie,-,3:44,https://www.youtube.com/embed/ZHc4FcCetv0?si=vwMO3ANc_lNUQNoi,Metal,Halloween party,English,Spooky
Living Dead Girl,Rob Zombie,-,3:22,https://www.youtube.com/embed/p4zGKdCmWac?si=xSrs8NVU4WLQUAY0,Metal,Halloween party,English,Spooky
Dead Man's Party,-,Oingo Boingo,6:22,https://www.youtube.com/embed/50lKOs_QNjc?si=6JJTxAI54whSkxfa,Disco,Halloween party,English,Spooky
The Addams Family Theme,Vic Mizzy,-,2:15,https://www.youtube.com/embed/F44glVeEv3w?si=hyetC5Z4uHcQI4XX,Soundtrack,Halloween party,English,Spooky
Evil Eye,Franz Ferdinand,-,2:47,https://www.youtube.com/embed/EFmRmzbuZn0?si=Vawf80WpvT1Rh7W7,Alternative,Halloween party,English,Spooky
The Monster,Eminem ft. Rihanna,-,4:11,https://www.youtube.com/embed/HpjAZViu9Gw?si=D6DOn30SMBl9qIlx,Hip-Hop,Halloween party,English,Spooky
Dracula's Wedding,-,OutKast ft. Kelis,2:34,https://www.youtube.com/embed/ZIFuxVM3wPk?si=1IabS5coakFHZP3S,Hip-Hop,Halloween party,English,Spooky
Wolf,-,EXO,3:51,https://www.youtube.com/embed/Q5DdTBJ-Cfg?si=C1s7IikhgGefGV-j,Pop,Halloween party,Korean,Spooky
Time Warp,Richard O'Brien,-,3:19,https://www.youtube.com/embed/S91wQbYYX3Q?si=IO38HM9iSekyXX34,Musical,Halloween party,English,Spooky
Wolf Like Me,-,TV on the Radio,5:09,https://www.youtube.com/embed/03hC_Ml8aAM?si=LdjkCXTu-53sdjFc,Rock,Halloween party,English,Spooky
ปีศาจ,-,Paradox,4:07,https://www.youtube.com/embed/Y7PWxgIf_kg?si=dkqO5xmOYc3mkUua,Alternative Rock,Halloween party,Thai,Spooky
Hell's Bells,-,AC/DC,5:10,https://www.youtube.com/embed/etAIpkdhU9Q?si=XGQjUJ6KrwgzoGpn,Rock,Halloween party,English,Spooky
Halloween Theme,John Carpenter,-,2:26,https://www.youtube.com/embed/gqVyois9mp4?si=d1Fey6xRJTj0yyjt,Soundtrack,Halloween party,English,Spooky
Psycho Killer,Talking Heads,-,4:22,https://www.youtube.com/embed/eauZzwt8Ci8?si=3-n_OXJBLRirBPJL,Disco,Halloween party,English,Spooky
ลางสังหรณ์,-,Clash,4:32,https://www.youtube.com/embed/cGX2yCeLrno?si=AOHsqKDbaAVst_hm,Rock,Halloween party,Thai,Spooky
She's in the Rain,-,The Rose,3:58,https://www.youtube.com/embed/PmrcqeazWYE?si=OJ1LZ6VyxQXoq8q9,Rock,Halloween party,Korean,Spooky
Halloween Blues,-,The Fratellis,3:17,https://www.youtube.com/embed/skOJzW1F6oQ?si=z6a-JFwO5eoFcrtE,Rock,Halloween party,English,Spooky
Bloodletting (The Vampire Song),-,Concrete Blonde,4:31,https://www.youtube.com/embed/lX1MjyL0DPY?si=-Ms_WVbbWNLSjZ2F,Rock,Halloween party,English,Spooky
The Boogie Monster,-,Gnarls Barkley,2:51,https://www.youtube.com/embed/fr-MKUYVzd4?si=0UtMJIwJ0z3mUn_1,R&B ,Halloween party,English,Spooky
Seven Devils,-,Florence + The Machine,5:04,https://www.youtube.com/embed/SM8PU-mTSaI?si=8xTjJpZCXomeYDsv, Rock,Halloween party,English,Spooky
Red Right Hand,-,Nick Cave & The Bad Seeds,6:11,https://www.youtube.com/embed/YUNFgN-Lh6c?si=D8qdYddzWz-din0M,Rock,Halloween party,English,Spooky